Estado;CAMPAIGN;Palabra clave;Tipo de coincidencia;Estado;Puja recomendada (bajo)(EUR);Puja recomendada (mediana)(EUR);Puja recomendada (alto)(EUR);Puja por palabra clave(EUR);PI del top de búsquedas;Impresiones;Clics;Tasa de clics (CTR);Inversión(EUR);Costo por clic (CPC)(EUR);Pedidos;Ventas(EUR);ACOS;KENP leídas;Estimación de regalías de KENP(EUR)
ENABLED;FRASE;white sand brandon sanderson;PHRASE;CAMPAIGN_PAUSED;0.12;0.12;0.14;0.10;;31;0;0;0.00;0.00;0;0.00;;0;0.00
ENABLED;FRASE;warbreaker brandon sanderson;PHRASE;CAMPAIGN_PAUSED;0.13;0.15;0.15;0.10;;0;0;;0.00;0.00;0;0.00;;0;0.00
ENABLED;FRASE;vientos de invierno libro;PHRASE;CAMPAIGN_PAUSED;;;;0.10;;1;0;0;0.00;0.00;0;0.00;;0;0.00
ENABLED;FRASE;vientos de invierno juego de tronos;PHRASE;CAMPAIGN_PAUSED;;;;0.10;;0;0;;0.00;0.00;0;0.00;;0;0.00
ENABLED;FRASE;vientos de invierno;PHRASE;CAMPAIGN_PAUSED;0.13;0.16;0.21;0.10;;299;0;0;0.00;0.00;0;0.00;;0;0.00
ENABLED;FRASE;victoria alvarez;PHRASE;CAMPAIGN_PAUSED;0.14;0.17;0.29;0.19;;770;0;0;0.00;0.00;0;0.00;;0;0.00
ENABLED;FRASE;una cancion de hielo y fuego;PHRASE;CAMPAIGN_PAUSED;0.13;0.15;0.19;0.10;;0;0;;0.00;0.00;0;0.00;;0;0.00
ENABLED;FRASE;trono de cristal saga;PHRASE;CAMPAIGN_PAUSED;0.12;0.13;0.15;0.10;;10174;6;0.0006;1.06;0.18;0;0.00;;0;0.00
ENABLED;FRASE;trono de cristal 6;PHRASE;CAMPAIGN_PAUSED;;;;0.10;;50;0;0;0.00;0.00;0;0.00;;0;0.00
ENABLED;FRASE;trono de cristal 4;PHRASE;CAMPAIGN_PAUSED;;;;0.10;>95%;200;0;0;0.00;0.00;0;0.00;;0;0.00
ENABLED;FRASE;trono de cristal 1;PHRASE;CAMPAIGN_PAUSED;0.13;0.15;0.15;0.10;;461;0;0;0.00;0.00;0;0.00;;0;0.00
ENABLED;FRASE;trono de cristal;PHRASE;CAMPAIGN_PAUSED;0.13;0.14;0.20;0.10;;0;0;;0.00;0.00;0;0.00;;0;0.00
ENABLED;FRASE;trilogia el nombre del viento;PHRASE;CAMPAIGN_PAUSED;0.13;0.16;0.17;0.10;;5;0;0;0.00;0.00;0;0.00;;0;0.00
ENABLED;FRASE;todas las hadas del reino laura gallego;PHRASE;CAMPAIGN_PAUSED;0.12;0.14;0.15;0.10;;0;0;;0.00;0.00;0;0.00;;0;0.00
ENABLED;FRASE;the witcher libros español coleccion;PHRASE;CAMPAIGN_PAUSED;;;;0.10;;0;0;;0.00;0.00;0;0.00;;0;0.00
ENABLED;FRASE;the witcher libros español;PHRASE;CAMPAIGN_PAUSED;0.13;0.15;0.19;0.10;;3;0;0;0.00;0.00;0;0.00;;0;0.00
ENABLED;FRASE;the witcher libros;PHRASE;CAMPAIGN_PAUSED;0.13;0.14;0.21;0.10;;2927;1;0.0003;0.03;0.03;0;0.00;;0;0.00
ENABLED;FRASE;the way of kings brandon sanderson;PHRASE;CAMPAIGN_PAUSED;;;;0.10;;0;0;;0.00;0.00;0;0.00;;0;0.00
ENABLED;FRASE;the final empire brandon sanderson;PHRASE;CAMPAIGN_PAUSED;0.13;0.15;0.15;0.10;;0;0;;0.00;0.00;0;0.00;;0;0.00
ENABLED;FRASE;steelheart brandon sanderson español;PHRASE;CAMPAIGN_PAUSED;;;;0.10;;1;0;0;0.00;0.00;0;0.00;;0;0.00
ENABLED;FRASE;steelheart brandon sanderson;PHRASE;CAMPAIGN_PAUSED;0.13;0.14;0.17;0.10;;16;0;0;0.00;0.00;0;0.00;;0;0.00
ENABLED;FRASE;skyward brandon sanderson;PHRASE;CAMPAIGN_PAUSED;0.13;0.19;0.19;0.10;;160;0;0;0.00;0.00;0;0.00;;0;0.00
ENABLED;FRASE;sarah j maas trono de cristal;PHRASE;CAMPAIGN_PAUSED;0.13;0.14;0.20;0.10;;0;0;;0.00;0.00;0;0.00;;0;0.00
ENABLED;FRASE;sara j mass;PHRASE;CAMPAIGN_PAUSED;;;;0.10;;57;0;0;0.00;0.00;0;0.00;;0;0.00
ENABLED;FRASE;sanderson brandon;PHRASE;CAMPAIGN_PAUSED;;;;0.10;;3;0;0;0.00;0.00;0;0.00;;0;0.00
ENABLED;FRASE;sanderson;PHRASE;CAMPAIGN_PAUSED;0.15;0.19;0.28;0.19;>95%;1078;0;0;0.00;0.00;0;0.00;;0;0.00
ENABLED;FRASE;saga libros juveniles;PHRASE;CAMPAIGN_PAUSED;0.13;0.21;0.21;0.19;<5%;25;0;0;0.00;0.00;0;0.00;;0;0.00
ENABLED;FRASE;saga libros adolescentes;PHRASE;CAMPAIGN_PAUSED;;;;0.19;;9;0;0;0.00;0.00;0;0.00;;0;0.00
ENABLED;FRASE;saga de cancion de hielo y fuego;PHRASE;CAMPAIGN_PAUSED;;;;0.10;;4;0;0;0.00;0.00;0;0.00;;0;0.00
ENABLED;FRASE;saga cancion de hielo y fuego libros;PHRASE;CAMPAIGN_PAUSED;;;;0.10;;0;0;;0.00;0.00;0;0.00;;0;0.00
ENABLED;FRASE;saga cancion de hielo y fuego;PHRASE;CAMPAIGN_PAUSED;;;;0.10;;0;0;;0.00;0.00;0;0.00;;0;0.00
ENABLED;FRASE;rox laura gallego;PHRASE;CAMPAIGN_PAUSED;;;;0.10;;10;0;0;0.00;0.00;0;0.00;;0;0.00
ENABLED;FRASE;robin hobb;PHRASE;CAMPAIGN_PAUSED;0.13;0.18;0.28;0.10;;1025;1;0.001;0.29;0.29;0;0.00;;0;0.00
ENABLED;FRASE;rick riordan;PHRASE;CAMPAIGN_PAUSED;0.13;0.15;0.19;0.19;8333333333333330%;238;2;0.0084;0.34;0.17;0;0.00;;0;0.00
ENABLED;FRASE;reckoners brandon sanderson;PHRASE;CAMPAIGN_PAUSED;;;;0.10;;1;0;0;0.00;0.00;0;0.00;;0;0.00
ENABLED;FRASE;por una rosa laura gallego;PHRASE;CAMPAIGN_PAUSED;0.13;0.13;0.13;0.10;>95%;80;0;0;0.00;0.00;0;0.00;;0;0.00
ENABLED;FRASE;percy jackson y los dioses griegos;PHRASE;CAMPAIGN_PAUSED;0.13;0.14;0.17;0.10;;79;0;0;0.00;0.00;0;0.00;;0;0.00
ENABLED;FRASE;percy jackson y los dioses del olimpo;PHRASE;CAMPAIGN_PAUSED;0.12;0.13;0.14;0.10;;414;1;0.0024;0.05;0.05;0;0.00;;0;0.00
ENABLED;FRASE;percy jackson y el mar de los monstruos;PHRASE;CAMPAIGN_PAUSED;;;;0.10;;260;0;0;0.00;0.00;0;0.00;;0;0.00
ENABLED;FRASE;percy jackson y el ladron del rayo;PHRASE;CAMPAIGN_PAUSED;0.13;0.14;0.16;0.10;;670;2;0.003;0.32;0.16;0;0.00;;0;0.00
ENABLED;FRASE;percy jackson libros set;PHRASE;CAMPAIGN_PAUSED;;;;0.10;;35;0;0;0.00;0.00;0;0.00;;0;0.00
ENABLED;FRASE;percy jackson libros saga;PHRASE;CAMPAIGN_PAUSED;;;;0.10;;14;0;0;0.00;0.00;0;0.00;;0;0.00
ENABLED;FRASE;percy jackson libros en español set;PHRASE;CAMPAIGN_PAUSED;;;;0.10;;0;0;;0.00;0.00;0;0.00;;0;0.00
ENABLED;FRASE;percy jackson libros en español;PHRASE;CAMPAIGN_PAUSED;;;;0.10;;340;2;0.0059;0.25;0.13;0;0.00;;0;0.00
ENABLED;FRASE;percy jackson libros;PHRASE;CAMPAIGN_PAUSED;0.13;0.14;0.22;0.10;>95%;15549;31;0.002;4.82;0.16;0;0.00;;0;0.00
ENABLED;FRASE;percy jackson el ultimo heroe del olimpo;PHRASE;CAMPAIGN_PAUSED;;;;0.10;;0;0;;0.00;0.00;0;0.00;;0;0.00
ENABLED;FRASE;percy jackson;PHRASE;CAMPAIGN_PAUSED;0.13;0.14;0.22;0.10;>95%;12721;25;0.002;4.70;0.19;0;0.00;;0;0.00
ENABLED;FRASE;patrick rothfuss las puertas de piedra;PHRASE;CAMPAIGN_PAUSED;0.12;0.13;0.14;0.10;;19;0;0;0.00;0.00;0;0.00;;0;0.00
ENABLED;FRASE;panteón laura gallego;PHRASE;CAMPAIGN_PAUSED;;;;0.10;>95%;21;0;0;0.00;0.00;0;0.00;;0;0.00
ENABLED;FRASE;palabras radiantes brandon sanderson;PHRASE;CAMPAIGN_PAUSED;0.14;0.14;0.16;0.10;;1;0;0;0.00;0.00;0;0.00;;0;0.00
ENABLED;FRASE;pack cancion de hielo y fuego;PHRASE;CAMPAIGN_PAUSED;;;;0.10;;0;0;;0.00;0.00;0;0.00;;0;0.00
ENABLED;FRASE;omnia laura gallego;PHRASE;CAMPAIGN_PAUSED;0.12;0.13;0.18;0.10;;195;0;0;0.00;0.00;0;0.00;;0;0.00
ENABLED;FRASE;oathbringer brandon sanderson;PHRASE;CAMPAIGN_PAUSED;0.13;0.13;0.14;0.10;;2;0;0;0.00;0.00;0;0.00;;0;0.00
ENABLED;FRASE;novelas para adolescentes;PHRASE;CAMPAIGN_PAUSED;0.13;0.18;0.36;0.19;75.0%;168;1;0.006;0.48;0.48;0;0.00;;0;0.00
ENABLED;FRASE;novelas juveniles;PHRASE;CAMPAIGN_PAUSED;0.14;0.20;0.30;0.19;44632768361581900%;1024;5;0.0049;2.39;0.48;0;0.00;;0;0.00
ENABLED;FRASE;novelas fantasia;PHRASE;CAMPAIGN_PAUSED;0.14;0.17;0.34;0.19;;0;0;;0.00;0.00;0;0.00;;0;0.00
ENABLED;FRASE;novelas de fantasia;PHRASE;CAMPAIGN_PAUSED;0.14;0.17;0.34;0.19;;37;0;0;0.00;0.00;0;0.00;;0;0.00
ENABLED;FRASE;novela juvenil fantastica;PHRASE;CAMPAIGN_PAUSED;;;;0.10;;690;1;0.0014;0.07;0.07;0;0.00;;0;0.00
ENABLED;FRASE;novela juvenil 14 años;PHRASE;CAMPAIGN_PAUSED;;;;0.19;;0;0;;0.00;0.00;0;0.00;;0;0.00
ENABLED;FRASE;novela juvenil;PHRASE;CAMPAIGN_PAUSED;0.14;0.20;0.30;0.10;;1628;11;0.0068;3.35;0.30;0;0.00;;0;0.00
ENABLED;FRASE;novela fantasia medieval;PHRASE;CAMPAIGN_PAUSED;;;;0.10;;0;0;;0.00;0.00;0;0.00;;0;0.00
ENABLED;FRASE;novela fantasia;PHRASE;CAMPAIGN_PAUSED;0.14;0.17;0.34;0.10;;37;1;0.027;0.23;0.23;0;0.00;;0;0.00
ENABLED;FRASE;novela de fantasia;PHRASE;CAMPAIGN_PAUSED;0.14;0.17;0.34;0.19;;17;0;0;0.00;0.00;0;0.00;;0;0.00
ENABLED;FRASE;novedades libros;PHRASE;CAMPAIGN_PAUSED;0.16;0.19;0.28;0.10;;308;0;0;0.00;0.00;0;0.00;;0;0.00
ENABLED;FRASE;nacidos de la bruma trilogia;PHRASE;CAMPAIGN_PAUSED;0.12;0.13;0.25;0.10;;24;0;0;0.00;0.00;0;0.00;;0;0.00
ENABLED;FRASE;nacidos de la bruma pack;PHRASE;CAMPAIGN_PAUSED;0.12;0.13;0.18;0.10;;12;0;0;0.00;0.00;0;0.00;;0;0.00
ENABLED;FRASE;nacidos de la bruma kindle;PHRASE;CAMPAIGN_PAUSED;;;;0.10;;1;0;0;0.00;0.00;0;0.00;;0;0.00
ENABLED;FRASE;nacidos de la bruma el imperio final;PHRASE;CAMPAIGN_PAUSED;0.13;0.13;0.14;0.10;;2;0;0;0.00;0.00;0;0.00;;0;0.00
ENABLED;FRASE;nacidos de la bruma brandon sanderson;PHRASE;CAMPAIGN_PAUSED;;;;0.10;;0;0;;0.00;0.00;0;0.00;;0;0.00
ENABLED;FRASE;nacidos de la bruma 5;PHRASE;CAMPAIGN_PAUSED;0.13;0.17;0.17;0.10;;3;0;0;0.00;0.00;0;0.00;;0;0.00
ENABLED;FRASE;nacidos de la bruma 4;PHRASE;CAMPAIGN_PAUSED;0.13;0.18;0.18;0.10;;16;0;0;0.00;0.00;0;0.00;;0;0.00
ENABLED;FRASE;nacidos de la bruma 3;PHRASE;CAMPAIGN_PAUSED;0.12;0.13;0.14;0.10;;3;0;0;0.00;0.00;0;0.00;;0;0.00
ENABLED;FRASE;nacidos de la bruma 1;PHRASE;CAMPAIGN_PAUSED;0.12;0.26;0.26;0.10;;36;0;0;0.00;0.00;0;0.00;;0;0.00
ENABLED;FRASE;nacidos de la bruma;PHRASE;CAMPAIGN_PAUSED;0.12;0.13;0.22;0.10;;686;1;0.0015;0.02;0.02;0;0.00;;0;0.00
ENABLED;FRASE;mundo de cancion de hielo y fuego;PHRASE;CAMPAIGN_PAUSED;;;;0.10;;0;0;;0.00;0.00;0;0.00;;0;0.00
ENABLED;FRASE;mistborn brandon sanderson;PHRASE;CAMPAIGN_PAUSED;;;;0.10;;21;0;0;0.00;0.00;0;0.00;;0;0.00
ENABLED;FRASE;mistborn;PHRASE;CAMPAIGN_PAUSED;0.13;0.14;0.18;0.19;;3788;0;0;0.00;0.00;0;0.00;;0;0.00
ENABLED;FRASE;memorias de idhun laura gallego;PHRASE;CAMPAIGN_PAUSED;;;;0.10;;254;1;0.0039;0.27;0.27;0;0.00;;0;0.00
ENABLED;FRASE;memorias de idhun 3;PHRASE;CAMPAIGN_PAUSED;0.14;0.18;0.18;0.10;>95%;59;1;0.0169;0.36;0.36;0;0.00;;0;0.00
ENABLED;FRASE;memorias de idhun 2;PHRASE;CAMPAIGN_PAUSED;0.13;0.16;0.16;0.10;>95%;480;0;0;0.00;0.00;0;0.00;;0;0.00
ENABLED;FRASE;memorias de idhun 1;PHRASE;CAMPAIGN_PAUSED;0.12;0.13;0.13;0.10;;278;0;0;0.00;0.00;0;0.00;;0;0.00
ENABLED;FRASE;memorias de idhun;PHRASE;CAMPAIGN_PAUSED;0.13;0.14;0.28;0.10;>95%;12237;14;0.0011;4.56;0.33;0;0.00;;10;0.04
ENABLED;FRASE;mejores libros para adolescentes;PHRASE;CAMPAIGN_PAUSED;0.17;0.20;0.40;0.19;;145;0;0;0.00;0.00;0;0.00;;0;0.00
ENABLED;FRASE;mejores libros;PHRASE;CAMPAIGN_PAUSED;0.15;0.18;0.32;0.10;>95%;1776;0;0;0.00;0.00;0;0.00;;0;0.00
ENABLED;FRASE;mapa cancion de hielo y fuego;PHRASE;CAMPAIGN_PAUSED;;;;0.10;;0;0;;0.00;0.00;0;0.00;;0;0.00
ENABLED;FRASE;mandrágora laura gallego;PHRASE;CAMPAIGN_PAUSED;0.12;0.14;0.15;0.10;;676;1;0.0015;0.02;0.02;0;0.00;;0;0.00
ENABLED;FRASE;mandragora laura gallego;PHRASE;CAMPAIGN_PAUSED;0.12;0.14;0.15;0.10;>95%;480;1;0.0021;0.12;0.12;0;0.00;;0;0.00
ENABLED;FRASE;magisterium;PHRASE;CAMPAIGN_PAUSED;0.12;0.13;0.13;0.10;>95%;2784;3;0.0011;0.27;0.09;0;0.00;;0;0.00
ENABLED;FRASE;los juegos del hambre libros;PHRASE;CAMPAIGN_PAUSED;0.13;0.16;0.24;0.10;8611111111111110%;11380;8;0.0007;1.50;0.19;0;0.00;;0;0.00
ENABLED;FRASE;literatura juvenil 16 años;PHRASE;CAMPAIGN_PAUSED;;;;0.19;>95%;1;0;0;0.00;0.00;0;0.00;;0;0.00
ENABLED;FRASE;literatura juvenil 16 anos;PHRASE;CAMPAIGN_PAUSED;;;;0.19;;250;0;0;0.00;0.00;0;0.00;;0;0.00
ENABLED;FRASE;literatura juvenil 14 años;PHRASE;CAMPAIGN_PAUSED;0.17;0.21;0.25;0.19;;0;0;;0.00;0.00;0;0.00;;0;0.00
ENABLED;FRASE;literatura juvenil 12 años;PHRASE;CAMPAIGN_PAUSED;;;;0.19;>95%;2;0;0;0.00;0.00;0;0.00;;0;0.00
ENABLED;FRASE;literatura juvenil;PHRASE;CAMPAIGN_PAUSED;0.16;0.21;0.26;0.19;4712041884816750%;347;4;0.0115;5.14;1.28;0;0.00;;0;0.00
ENABLED;FRASE;libros recomendados para 12 años;PHRASE;CAMPAIGN_PAUSED;;;;0.19;;0;0;;0.00;0.00;0;0.00;;0;0.00
ENABLED;FRASE;libros recomendados;PHRASE;CAMPAIGN_PAUSED;0.16;0.19;0.26;0.10;>95%;1778;4;0.0022;0.56;0.14;0;0.00;;0;0.00
ENABLED;FRASE;libros parecidos a trono de cristal;PHRASE;CAMPAIGN_PAUSED;;;;0.19;;0;0;;0.00;0.00;0;0.00;;0;0.00
ENABLED;FRASE;libros parecidos a percy jackson;PHRASE;CAMPAIGN_PAUSED;;;;0.19;;0;0;;0.00;0.00;0;0.00;;0;0.00
ENABLED;FRASE;libros parecidos a nacidos de la bruma;PHRASE;CAMPAIGN_PAUSED;;;;0.19;;0;0;;0.00;0.00;0;0.00;;0;0.00
ENABLED;FRASE;libros parecidos a memorias de idhun;PHRASE;CAMPAIGN_PAUSED;;;;0.19;;0;0;;0.00;0.00;0;0.00;;0;0.00
ENABLED;FRASE;libros parecidos a la leyenda de aang;PHRASE;CAMPAIGN_PAUSED;;;;0.19;;0;0;;0.00;0.00;0;0.00;;0;0.00
ENABLED;FRASE;libros parecidos a juego de tronos;PHRASE;CAMPAIGN_PAUSED;;;;0.19;;0;0;;0.00;0.00;0;0.00;;0;0.00
ENABLED;FRASE;libros parecidos a harry potter;PHRASE;CAMPAIGN_PAUSED;;;;0.19;;2;0;0;0.00;0.00;0;0.00;;0;0.00
ENABLED;FRASE;libros parecidos a el nombre del viento;PHRASE;CAMPAIGN_PAUSED;;;;0.19;;0;0;;0.00;0.00;0;0.00;;0;0.00
ENABLED;FRASE;libros parecidos a cronicas del asesino de reyes;PHRASE;CAMPAIGN_PAUSED;;;;0.19;;0;0;;0.00;0.00;0;0.00;;0;0.00
ENABLED;FRASE;libros parecidos a cancion de hielo y fuego;PHRASE;CAMPAIGN_PAUSED;;;;0.19;;0;0;;0.00;0.00;0;0.00;;0;0.00
ENABLED;FRASE;libros para niños de 14 años;PHRASE;CAMPAIGN_PAUSED;0.16;0.20;0.25;0.10;;11;0;0;0.00;0.00;0;0.00;;0;0.00
ENABLED;FRASE;libros para niños de 13 años;PHRASE;CAMPAIGN_PAUSED;0.16;0.20;0.40;0.10;;887;17;0.0192;8.62;0.51;1;15.99;0.5391;0;0.00
ENABLED;FRASE;libros para niños de 12 años de misterio;PHRASE;CAMPAIGN_PAUSED;;;;0.10;;0;0;;0.00;0.00;0;0.00;;0;0.00
ENABLED;FRASE;libros para niños de 12 años de aventuras;PHRASE;CAMPAIGN_PAUSED;0.18;0.25;0.25;0.10;;0;0;;0.00;0.00;0;0.00;;0;0.00
ENABLED;FRASE;libros para niños de 12 años;PHRASE;CAMPAIGN_PAUSED;0.16;0.21;0.30;0.10;;45;0;0;0.00;0.00;0;0.00;;0;0.00
ENABLED;FRASE;libros para niños de 12 a 13 años;PHRASE;CAMPAIGN_PAUSED;;;;0.10;;0;0;;0.00;0.00;0;0.00;;0;0.00
ENABLED;FRASE;libros para niños de 11 años;PHRASE;CAMPAIGN_PAUSED;0.18;0.24;0.48;0.10;;36;0;0;0.00;0.00;0;0.00;;0;0.00
ENABLED;FRASE;libros para niños de 11 a 12 años;PHRASE;CAMPAIGN_PAUSED;0.20;0.23;0.33;0.10;;0;0;;0.00;0.00;0;0.00;;0;0.00
PAUSED;FRASE;libros para niños de 10 años mas vendidos;PHRASE;CAMPAIGN_PAUSED;0.15;0.28;0.28;0.10;;0;0;;0.00;0.00;0;0.00;;0;0.00
PAUSED;FRASE;libros para niños de 10 años de aventuras;PHRASE;CAMPAIGN_PAUSED;0.15;0.18;0.24;0.10;;0;0;;0.00;0.00;0;0.00;;0;0.00
PAUSED;FRASE;libros para niños de 10 años;PHRASE;CAMPAIGN_PAUSED;0.17;0.21;0.40;0.10;;67;1;0.0149;0.23;0.23;0;0.00;;0;0.00
PAUSED;FRASE;libros para niños de 10 a 12 años;PHRASE;CAMPAIGN_PAUSED;0.21;0.23;0.27;0.10;;0;0;;0.00;0.00;0;0.00;;0;0.00
PAUSED;FRASE;libros para niños de 10 a 11 años;PHRASE;CAMPAIGN_PAUSED;0.16;0.34;0.34;0.10;;0;0;;0.00;0.00;0;0.00;;0;0.00
ENABLED;FRASE;libros para niños 14 años;PHRASE;CAMPAIGN_PAUSED;0.16;0.20;0.25;0.10;;1;1;1;1.01;1.01;0;0.00;;0;0.00
ENABLED;FRASE;libros para niños 12 años;PHRASE;CAMPAIGN_PAUSED;0.16;0.21;0.30;0.10;;9;0;0;0.00;0.00;0;0.00;;0;0.00
ENABLED;FRASE;libros para niños 11 años;PHRASE;CAMPAIGN_PAUSED;0.18;0.24;0.48;0.10;;328;3;0.0091;0.91;0.30;0;0.00;;0;0.00
PAUSED;FRASE;libros para niños 10 años;PHRASE;CAMPAIGN_PAUSED;0.17;0.21;0.40;0.10;;1;0;0;0.00;0.00;0;0.00;;0;0.00
ENABLED;FRASE;libros para niñas de 15 años;PHRASE;CAMPAIGN_PAUSED;;;;0.10;3333333333333330%;118;0;0;0.00;0.00;0;0.00;;0;0.00
ENABLED;FRASE;libros para niñas de 14 años;PHRASE;CAMPAIGN_PAUSED;0.16;0.20;0.25;0.10;;755;10;0.0132;6.00;0.60;0;0.00;;0;0.00
ENABLED;FRASE;libros para niñas de 13 años;PHRASE;CAMPAIGN_PAUSED;0.16;0.20;0.40;0.10;;0;0;;0.00;0.00;0;0.00;;0;0.00
ENABLED;FRASE;libros para niñas de 12 años;PHRASE;CAMPAIGN_PAUSED;0.16;0.21;0.30;0.10;;5518;14;0.0025;5.66;0.40;1;15.99;0.354;458;2.08
ENABLED;FRASE;libros para niñas de 11 años;PHRASE;CAMPAIGN_PAUSED;0.18;0.24;0.48;0.10;;0;0;;0.00;0.00;0;0.00;;0;0.00
ENABLED;FRASE;libros para niñas de 11 a 12 años;PHRASE;CAMPAIGN_PAUSED;0.20;0.23;0.33;0.10;;0;0;;0.00;0.00;0;0.00;;0;0.00
PAUSED;FRASE;libros para niñas de 10 años divertidos;PHRASE;CAMPAIGN_PAUSED;;;;0.10;;0;0;;0.00;0.00;0;0.00;;0;0.00
PAUSED;FRASE;libros para niñas de 10 años;PHRASE;CAMPAIGN_PAUSED;0.17;0.21;0.40;0.10;;973;4;0.0041;2.15;0.54;0;0.00;;0;0.00
ENABLED;FRASE;libros para niñas 12 años;PHRASE;CAMPAIGN_PAUSED;0.16;0.21;0.30;0.10;;0;0;;0.00;0.00;0;0.00;;0;0.00
ENABLED;FRASE;libros para niñas 11 años;PHRASE;CAMPAIGN_PAUSED;0.18;0.24;0.48;0.10;;0;0;;0.00;0.00;0;0.00;;0;0.00
PAUSED;FRASE;libros para niñas 10 años;PHRASE;CAMPAIGN_PAUSED;0.17;0.21;0.40;0.10;;0;0;;0.00;0.00;0;0.00;;0;0.00
ENABLED;FRASE;libros para niña de 12 años;PHRASE;CAMPAIGN_PAUSED;0.20;0.28;0.28;0.10;6666666666666660%;128;0;0;0.00;0.00;0;0.00;;0;0.00
PAUSED;FRASE;libros para niña de 10 años;PHRASE;CAMPAIGN_PAUSED;0.20;0.24;0.48;0.10;;171;0;0;0.00;0.00;0;0.00;;0;0.00
ENABLED;FRASE;libros para leer;PHRASE;CAMPAIGN_PAUSED;0.15;0.19;0.30;0.10;5161290322580640%;2364;0;0;0.00;0.00;0;0.00;;0;0.00
PAUSED;FRASE;libros para kindle;PHRASE;CAMPAIGN_PAUSED;0.18;0.24;0.35;0.10;11098591549295700%;14989;75;0.005;48.79;0.65;4;11.52;42.352;41;0.19
ENABLED;FRASE;libros para jovenes entre 12-16 años;PHRASE;CAMPAIGN_PAUSED;;;;0.10;;0;0;;0.00;0.00;0;0.00;;0;0.00
ENABLED;FRASE;libros para chicos de 14 años;PHRASE;CAMPAIGN_PAUSED;;;;0.10;;161;4;0.0248;2.12;0.53;0;0.00;;0;0.00
ENABLED;FRASE;libros para chicas de 12 años;PHRASE;CAMPAIGN_PAUSED;;;;0.10;>95%;14;0;0;0.00;0.00;0;0.00;;0;0.00
ENABLED;FRASE;libros para adolescentes de 16 años;PHRASE;CAMPAIGN_PAUSED;;;;0.10;7272727272727270%;676;8;0.0118;11.02;1.38;1;2.88;38.264;0;0.00
ENABLED;FRASE;libros para adolescentes de 15 años;PHRASE;CAMPAIGN_PAUSED;0.15;0.19;0.25;0.10;3333333333333330%;240;1;0.0042;0.16;0.16;0;0.00;;0;0.00
ENABLED;FRASE;libros para adolescentes de 14 años chicas;PHRASE;CAMPAIGN_PAUSED;;;;0.10;;0;0;;0.00;0.00;0;0.00;;0;0.00
ENABLED;FRASE;libros para adolescentes de 14 años;PHRASE;CAMPAIGN_PAUSED;0.15;0.19;0.27;0.10;;0;0;;0.00;0.00;0;0.00;;0;0.00
ENABLED;FRASE;libros para adolescentes de 13 años;PHRASE;CAMPAIGN_PAUSED;0.15;0.23;0.25;0.10;4642857142857140%;752;4;0.0053;1.63;0.41;0;0.00;;0;0.00
ENABLED;FRASE;libros para adolescentes de 12 años;PHRASE;CAMPAIGN_PAUSED;0.13;0.17;0.34;0.10;5454545454545450%;400;2;0.005;0.94;0.47;0;0.00;;0;0.00
ENABLED;FRASE;libros para adolescentes chicos;PHRASE;CAMPAIGN_PAUSED;0.17;0.18;0.26;0.19;;48;0;0;0.00;0.00;0;0.00;;0;0.00
ENABLED;FRASE;libros para adolescentes 16 años;PHRASE;CAMPAIGN_PAUSED;;;;0.10;;0;0;;0.00;0.00;0;0.00;;0;0.00
ENABLED;FRASE;libros para adolescentes;PHRASE;CAMPAIGN_PAUSED;0.15;0.18;0.36;0.10;24189526184538600%;10201;17;0.0017;5.31;0.31;1;15.99;0.3321;0;0.00
ENABLED;FRASE;libros para adolescente;PHRASE;CAMPAIGN_PAUSED;0.15;0.18;0.36;0.19;16233766233766200%;519;2;0.0039;2.02;1.01;1;15.99;0.1263;0;0.00
ENABLED;FRASE;libros para 20 años;PHRASE;CAMPAIGN_PAUSED;;;;0.10;;3;0;0;0.00;0.00;0;0.00;;0;0.00
ENABLED;FRASE;libros para 17 años;PHRASE;CAMPAIGN_PAUSED;;;;0.10;;26;0;0;0.00;0.00;0;0.00;;0;0.00
ENABLED;FRASE;libros para 16 años;PHRASE;CAMPAIGN_PAUSED;;;;0.10;;263;3;0.0114;1.31;0.44;0;0.00;;0;0.00
ENABLED;FRASE;libros para 15 años;PHRASE;CAMPAIGN_PAUSED;;;;0.10;>95%;471;1;0.0021;0.35;0.35;0;0.00;;0;0.00
ENABLED;FRASE;libros para 14 años de chicos;PHRASE;CAMPAIGN_PAUSED;;;;0.10;;2;0;0;0.00;0.00;0;0.00;;0;0.00
ENABLED;FRASE;libros para 14 años de chicas;PHRASE;CAMPAIGN_PAUSED;;;;0.10;;2;0;0;0.00;0.00;0;0.00;;0;0.00
ENABLED;FRASE;libros para 14 años;PHRASE;CAMPAIGN_PAUSED;0.13;0.18;0.18;0.10;;320;5;0.0156;4.24;0.85;1;15.99;0.2652;0;0.00
ENABLED;FRASE;libros para 13 años de chicas;PHRASE;CAMPAIGN_PAUSED;;;;0.10;>95%;26;0;0;0.00;0.00;0;0.00;;0;0.00
ENABLED;FRASE;libros para 13 años;PHRASE;CAMPAIGN_PAUSED;0.14;0.19;0.31;0.10;;1358;9;0.0066;4.70;0.52;1;2.88;16.319;0;0.00
ENABLED;FRASE;libros para 12 años de chicas;PHRASE;CAMPAIGN_PAUSED;;;;0.10;;65;0;0;0.00;0.00;0;0.00;;0;0.00
ENABLED;FRASE;libros para 12 años de aventuras;PHRASE;CAMPAIGN_PAUSED;;;;0.10;;21;0;0;0.00;0.00;0;0.00;;0;0.00
ENABLED;FRASE;libros para 12 años;PHRASE;CAMPAIGN_PAUSED;0.17;0.22;0.31;0.10;;2008;13;0.0065;8.80;0.68;0;0.00;;0;0.00
ENABLED;FRASE;libros para 12 a 14 años;PHRASE;CAMPAIGN_PAUSED;0.13;0.19;0.19;0.10;;128;2;0.0156;1.38;0.69;0;0.00;;0;0.00
ENABLED;FRASE;libros para 11-12 años;PHRASE;CAMPAIGN_PAUSED;0.14;0.24;0.24;0.10;;29;0;0;0.00;0.00;0;0.00;;0;0.00
ENABLED;FRASE;libros para 11 años;PHRASE;CAMPAIGN_PAUSED;0.16;0.20;0.40;0.10;;163;0;0;0.00;0.00;0;0.00;;0;0.00
PAUSED;FRASE;libros para 10 años;PHRASE;CAMPAIGN_PAUSED;0.21;0.28;0.39;0.10;;165;2;0.0121;1.18;0.59;0;0.00;;0;0.00
ENABLED;FRASE;libros originales para niños 11 años;PHRASE;CAMPAIGN_PAUSED;;;;0.10;;0;0;;0.00;0.00;0;0.00;;0;0.00
ENABLED;FRASE;libros novedades;PHRASE;CAMPAIGN_PAUSED;0.16;0.22;0.27;0.10;;277;0;0;0.00;0.00;0;0.00;;0;0.00
ENABLED;FRASE;libros niños de 12 años;PHRASE;CAMPAIGN_PAUSED;0.16;0.21;0.30;0.10;;0;0;;0.00;0.00;0;0.00;;0;0.00
ENABLED;FRASE;libros niños de 11 años;PHRASE;CAMPAIGN_PAUSED;0.18;0.24;0.48;0.10;;0;0;;0.00;0.00;0;0.00;;0;0.00
PAUSED;FRASE;libros niños de 10 años;PHRASE;CAMPAIGN_PAUSED;0.17;0.21;0.40;0.10;;0;0;;0.00;0.00;0;0.00;;0;0.00
PAUSED;FRASE;libros niños de 10 a 12 años;PHRASE;CAMPAIGN_PAUSED;0.21;0.23;0.27;0.10;;0;0;;0.00;0.00;0;0.00;;0;0.00
PAUSED;FRASE;libros niños 9-10 años;PHRASE;CAMPAIGN_PAUSED;0.19;0.24;0.48;0.10;;0;0;;0.00;0.00;0;0.00;;0;0.00
ENABLED;FRASE;libros niños 14 años;PHRASE;CAMPAIGN_PAUSED;0.16;0.20;0.25;0.10;;0;0;;0.00;0.00;0;0.00;;0;0.00
ENABLED;FRASE;libros niños 13 años;PHRASE;CAMPAIGN_PAUSED;0.16;0.20;0.40;0.10;;0;0;;0.00;0.00;0;0.00;;0;0.00
ENABLED;FRASE;libros niños 12 años mas vendidos;PHRASE;CAMPAIGN_PAUSED;0.22;0.24;0.46;0.10;;0;0;;0.00;0.00;0;0.00;;0;0.00
ENABLED;FRASE;libros niños 12 años;PHRASE;CAMPAIGN_PAUSED;0.16;0.21;0.30;0.10;2222222222222220%;1536;5;0.0033;1.57;0.31;0;0.00;;0;0.00
ENABLED;FRASE;libros niños 11-12 años;PHRASE;CAMPAIGN_PAUSED;0.20;0.23;0.33;0.10;;0;0;;0.00;0.00;0;0.00;;0;0.00
ENABLED;FRASE;libros niños 11 años mas vendidos;PHRASE;CAMPAIGN_PAUSED;0.16;0.21;0.29;0.10;;0;0;;0.00;0.00;0;0.00;;0;0.00
ENABLED;FRASE;libros niños 11 años;PHRASE;CAMPAIGN_PAUSED;0.18;0.24;0.48;0.10;;40;0;0;0.00;0.00;0;0.00;;0;0.00
PAUSED;FRASE;libros niños 10 años mas vendidos;PHRASE;CAMPAIGN_PAUSED;0.15;0.28;0.28;0.10;;0;0;;0.00;0.00;0;0.00;;0;0.00
PAUSED;FRASE;libros niños 10 años;PHRASE;CAMPAIGN_PAUSED;0.17;0.21;0.40;0.10;;68;0;0;0.00;0.00;0;0.00;;0;0.00
ENABLED;FRASE;libros niño 13 años;PHRASE;CAMPAIGN_PAUSED;;;;0.10;;106;0;0;0.00;0.00;0;0.00;;0;0.00
ENABLED;FRASE;libros niño 12 años;PHRASE;CAMPAIGN_PAUSED;0.18;0.24;0.26;0.10;8333333333333330%;50;1;0.02;0.37;0.37;0;0.00;;0;0.00
ENABLED;FRASE;libros niño 11 años;PHRASE;CAMPAIGN_PAUSED;0.21;0.26;0.27;0.10;;32;0;0;0.00;0.00;0;0.00;;0;0.00
PAUSED;FRASE;libros niño 10 años;PHRASE;CAMPAIGN_PAUSED;0.18;0.24;0.35;0.10;;18;0;0;0.00;0.00;0;0.00;;0;0.00
PAUSED;FRASE;libros niñas de 10 años;PHRASE;CAMPAIGN_PAUSED;0.17;0.21;0.40;0.10;;0;0;;0.00;0.00;0;0.00;;0;0.00
ENABLED;FRASE;libros niñas 14 años;PHRASE;CAMPAIGN_PAUSED;0.16;0.20;0.25;0.10;;0;0;;0.00;0.00;0;0.00;;0;0.00
ENABLED;FRASE;libros niñas 13 años;PHRASE;CAMPAIGN_PAUSED;0.16;0.20;0.40;0.10;;0;0;;0.00;0.00;0;0.00;;0;0.00
ENABLED;FRASE;libros niñas 12 años;PHRASE;CAMPAIGN_PAUSED;0.16;0.21;0.30;0.10;;0;0;;0.00;0.00;0;0.00;;0;0.00
ENABLED;FRASE;libros niñas 11 años;PHRASE;CAMPAIGN_PAUSED;0.18;0.24;0.48;0.10;;0;0;;0.00;0.00;0;0.00;;0;0.00
PAUSED;FRASE;libros niñas 10 años mas vendidos;PHRASE;CAMPAIGN_PAUSED;0.15;0.28;0.28;0.10;;0;0;;0.00;0.00;0;0.00;;0;0.00
PAUSED;FRASE;libros niñas 10 años;PHRASE;CAMPAIGN_PAUSED;0.17;0.21;0.40;0.10;;0;0;;0.00;0.00;0;0.00;;0;0.00
ENABLED;FRASE;libros niña 15 años;PHRASE;CAMPAIGN_PAUSED;;;;0.10;;85;1;0.0118;0.26;0.26;0;0.00;;0;0.00
ENABLED;FRASE;libros niña 13 años;PHRASE;CAMPAIGN_PAUSED;;;;0.10;60.0%;152;0;0;0.00;0.00;0;0.00;;0;0.00
ENABLED;FRASE;libros niña 11 años;PHRASE;CAMPAIGN_PAUSED;;;;0.10;;44;0;0;0.00;0.00;0;0.00;;0;0.00
PAUSED;FRASE;libros niña 10 años;PHRASE;CAMPAIGN_PAUSED;0.20;0.24;0.48;0.10;;2;0;0;0.00;0.00;0;0.00;;0;0.00
ENABLED;FRASE;libros ninos 14 anos;PHRASE;CAMPAIGN_PAUSED;;;;0.19;;562;0;0;0.00;0.00;0;0.00;;0;0.00
ENABLED;FRASE;libros ninos 13 anos;PHRASE;CAMPAIGN_PAUSED;;;;0.19;;275;0;0;0.00;0.00;0;0.00;;0;0.00
ENABLED;FRASE;libros mayores 25 años;PHRASE;CAMPAIGN_PAUSED;;;;0.10;;0;0;;0.00;0.00;0;0.00;;0;0.00
ENABLED;FRASE;libros mas vendidos para niños de 12 años;PHRASE;CAMPAIGN_PAUSED;0.19;0.22;0.22;0.10;;0;0;;0.00;0.00;0;0.00;;0;0.00
ENABLED;FRASE;libros mas vendidos para niños de 11 años;PHRASE;CAMPAIGN_PAUSED;;;;0.10;;0;0;;0.00;0.00;0;0.00;;0;0.00
PAUSED;FRASE;libros mas vendidos para niños de 10 años;PHRASE;CAMPAIGN_PAUSED;;;;0.10;;0;0;;0.00;0.00;0;0.00;;0;0.00
ENABLED;FRASE;libros mas vendidos para 12 años;PHRASE;CAMPAIGN_PAUSED;;;;0.10;;0;0;;0.00;0.00;0;0.00;;0;0.00
ENABLED;FRASE;libros mas vendidos niños 12 años;PHRASE;CAMPAIGN_PAUSED;0.19;0.22;0.22;0.10;;0;0;;0.00;0.00;0;0.00;;0;0.00
ENABLED;FRASE;libros mas vendidos juveniles 12 años;PHRASE;CAMPAIGN_PAUSED;;;;0.10;;0;0;;0.00;0.00;0;0.00;;0;0.00
ENABLED;FRASE;libros mas vendidos juvenil 2020;PHRASE;CAMPAIGN_PAUSED;;;;0.19;;0;0;;0.00;0.00;0;0.00;;0;0.00
ENABLED;FRASE;libros mas vendidos de 12 años;PHRASE;CAMPAIGN_PAUSED;;;;0.10;;0;0;;0.00;0.00;0;0.00;;0;0.00
ENABLED;FRASE;libros mas vendidos 2020 adolescentes;PHRASE;CAMPAIGN_PAUSED;;;;0.19;;0;0;;0.00;0.00;0;0.00;;0;0.00
ENABLED;FRASE;libros mas vendidos 2019 juveniles;PHRASE;CAMPAIGN_PAUSED;;;;0.19;;0;0;;0.00;0.00;0;0.00;;0;0.00
ENABLED;FRASE;libros mas vendidos 12 años;PHRASE;CAMPAIGN_PAUSED;;;;0.10;;0;0;;0.00;0.00;0;0.00;;0;0.00
ENABLED;FRASE;libros mas de 12 años;PHRASE;CAMPAIGN_PAUSED;;;;0.10;;3;0;0;0.00;0.00;0;0.00;;0;0.00
ENABLED;FRASE;libros lectura para 14 anos;PHRASE;CAMPAIGN_PAUSED;;;;0.19;;0;0;;0.00;0.00;0;0.00;;0;0.00
ENABLED;FRASE;libros lectura niños 12 años;PHRASE;CAMPAIGN_PAUSED;;;;0.10;;0;0;;0.00;0.00;0;0.00;;0;0.00
PAUSED;FRASE;libros lectura niños 10 años;PHRASE;CAMPAIGN_PAUSED;;;;0.10;;0;0;;0.00;0.00;0;0.00;;0;0.00
PAUSED;FRASE;libros lectura niñas 10 años;PHRASE;CAMPAIGN_PAUSED;;;;0.10;;0;0;;0.00;0.00;0;0.00;;0;0.00
ENABLED;FRASE;libros lectura juvenil;PHRASE;CAMPAIGN_PAUSED;0.17;0.23;0.25;0.10;>95%;677;0;0;0.00;0.00;0;0.00;;0;0.00
ENABLED;FRASE;libros lectura 14 años;PHRASE;CAMPAIGN_PAUSED;;;;0.10;>95%;39;0;0;0.00;0.00;0;0.00;;0;0.00
ENABLED;FRASE;libros lectura 13 años;PHRASE;CAMPAIGN_PAUSED;;;;0.10;;10;0;0;0.00;0.00;0;0.00;;0;0.00
ENABLED;FRASE;libros lectura 12 años;PHRASE;CAMPAIGN_PAUSED;0.22;0.32;0.32;0.10;;0;0;;0.00;0.00;0;0.00;;0;0.00
ENABLED;FRASE;libros lectura 11 años;PHRASE;CAMPAIGN_PAUSED;;;;0.10;;0;0;;0.00;0.00;0;0.00;;0;0.00
PAUSED;FRASE;libros lectura 10 años;PHRASE;CAMPAIGN_PAUSED;0.17;0.27;0.27;0.10;;0;0;;0.00;0.00;0;0.00;;0;0.00
ENABLED;FRASE;libros lectura;PHRASE;CAMPAIGN_PAUSED;0.18;0.29;0.46;0.10;43.75%;11947;7;0.0006;1.50;0.21;0;0.00;;0;0.00
ENABLED;FRASE;libros laura gallego;PHRASE;CAMPAIGN_PAUSED;0.13;0.20;0.30;0.10;;0;0;;0.00;0.00;0;0.00;;0;0.00
ENABLED;FRASE;libros kindle novedades;PHRASE;CAMPAIGN_PAUSED;;;;0.10;;25;0;0;0.00;0.00;0;0.00;;0;0.00
ENABLED;FRASE;libros kindle mas vendidos;PHRASE;CAMPAIGN_PAUSED;0.16;0.25;0.28;0.10;2727272727272720%;360;3;0.0083;0.83;0.28;0;0.00;;0;0.00
PAUSED;FRASE;libros kindle;PHRASE;CAMPAIGN_PAUSED;0.18;0.24;0.35;0.10;;0;0;;0.00;0.00;0;0.00;;0;0.00
ENABLED;FRASE;libros juveniles mas vendidos 2020;PHRASE;CAMPAIGN_PAUSED;;;;0.19;;0;0;;0.00;0.00;0;0.00;;0;0.00
ENABLED;FRASE;libros juveniles mas vendidos;PHRASE;CAMPAIGN_PAUSED;0.15;0.20;0.40;0.19;3333333333333330%;1307;3;0.0023;0.74;0.25;0;0.00;;0;0.00
ENABLED;FRASE;libros juveniles laura gallego;PHRASE;CAMPAIGN_PAUSED;;;;0.10;;65;1;0.0154;0.18;0.18;0;0.00;;0;0.00
ENABLED;FRASE;libros juveniles fantasia;PHRASE;CAMPAIGN_PAUSED;0.16;0.21;0.26;0.19;;0;0;;0.00;0.00;0;0.00;;0;0.00
ENABLED;FRASE;libros juveniles espanol;PHRASE;CAMPAIGN_PAUSED;;;;0.19;;2;0;0;0.00;0.00;0;0.00;;0;0.00
ENABLED;FRASE;libros juveniles de fantasia;PHRASE;CAMPAIGN_PAUSED;0.16;0.21;0.26;0.19;25.0%;405;0;0;0.00;0.00;0;0.00;;0;0.00
ENABLED;FRASE;libros juveniles 20 años;PHRASE;CAMPAIGN_PAUSED;;;;0.10;;7;0;0;0.00;0.00;0;0.00;;0;0.00
ENABLED;FRASE;libros juveniles 18 años;PHRASE;CAMPAIGN_PAUSED;;;;0.10;;62;2;0.0323;0.76;0.38;0;0.00;;0;0.00
ENABLED;FRASE;libros juveniles 16 años mas vendido;PHRASE;CAMPAIGN_PAUSED;;;;0.10;;0;0;;0.00;0.00;0;0.00;;0;0.00
ENABLED;FRASE;libros juveniles 16 años de amor;PHRASE;CAMPAIGN_PAUSED;;;;0.10;;0;0;;0.00;0.00;0;0.00;;0;0.00
ENABLED;FRASE;libros juveniles 16 años;PHRASE;CAMPAIGN_PAUSED;;;;0.10;>95%;539;4;0.0074;1.43;0.36;0;0.00;;0;0.00
ENABLED;FRASE;libros juveniles 15 años;PHRASE;CAMPAIGN_PAUSED;;;;0.10;;160;2;0.0125;0.84;0.42;1;15.99;0.0525;0;0.00
ENABLED;FRASE;libros juveniles 14 años mas vendido;PHRASE;CAMPAIGN_PAUSED;;;;0.19;;0;0;;0.00;0.00;0;0.00;;0;0.00
ENABLED;FRASE;libros juveniles 14 años;PHRASE;CAMPAIGN_PAUSED;0.18;0.26;0.52;0.10;<5%;3071;17;0.0055;4.96;0.29;0;0.00;;0;0.00
ENABLED;FRASE;libros juveniles 14 anos;PHRASE;CAMPAIGN_PAUSED;;;;0.19;;1908;1;0.0005;0.22;0.22;0;0.00;;0;0.00
ENABLED;FRASE;libros juveniles 13 años;PHRASE;CAMPAIGN_PAUSED;;;;0.10;;226;1;0.0044;0.17;0.17;0;0.00;;0;0.00
ENABLED;FRASE;libros juveniles 13 anos;PHRASE;CAMPAIGN_PAUSED;;;;0.19;;329;0;0;0.00;0.00;0;0.00;;0;0.00
ENABLED;FRASE;libros juveniles 12 años mas vendidos;PHRASE;CAMPAIGN_PAUSED;;;;0.10;;0;0;;0.00;0.00;0;0.00;;0;0.00
ENABLED;FRASE;libros juveniles 12 años;PHRASE;CAMPAIGN_PAUSED;0.15;0.23;0.37;0.10;<5%;2147;15;0.007;6.33;0.42;1;15.99;0.3959;0;0.00
ENABLED;FRASE;libros juveniles 12 anos;PHRASE;CAMPAIGN_PAUSED;;;;0.19;;2174;1;0.0005;0.35;0.35;0;0.00;;0;0.00
ENABLED;FRASE;libros juveniles 11 años;PHRASE;CAMPAIGN_PAUSED;;;;0.10;;34;0;0;0.00;0.00;0;0.00;;0;0.00
PAUSED;FRASE;libros juveniles 10 años;PHRASE;CAMPAIGN_PAUSED;0.17;0.23;0.37;0.10;;74;0;0;0.00;0.00;0;0.00;;0;0.00
ENABLED;FRASE;libros juveniles;PHRASE;CAMPAIGN_PAUSED;0.16;0.19;0.34;0.10;;288;0;0;0.00;0.00;0;0.00;;0;0.00
ENABLED;FRASE;libros juvenil 12 años;PHRASE;CAMPAIGN_PAUSED;0.15;0.23;0.37;0.10;;9;0;0;0.00;0.00;0;0.00;;0;0.00
ENABLED;FRASE;libros juvenil;PHRASE;CAMPAIGN_PAUSED;0.16;0.19;0.34;0.10;<5%;64034;67;0.001;22.07;0.33;1;15.99;13.802;0;0.00
ENABLED;FRASE;libros juego de tronos pack español;PHRASE;CAMPAIGN_PAUSED;;;;0.10;;0;0;;0.00;0.00;0;0.00;;0;0.00
ENABLED;FRASE;libros juego de tronos español;PHRASE;CAMPAIGN_PAUSED;0.14;0.19;0.25;0.10;;10;0;0;0.00;0.00;0;0.00;;0;0.00
ENABLED;FRASE;libros juego de tronos;PHRASE;CAMPAIGN_PAUSED;0.13;0.16;0.24;0.10;;1141;0;0;0.00;0.00;0;0.00;;0;0.00
ENABLED;FRASE;libros jubeniles;PHRASE;CAMPAIGN_PAUSED;;;;0.19;;2;0;0;0.00;0.00;0;0.00;;0;0.00
ENABLED;FRASE;libros joven adulto;PHRASE;CAMPAIGN_PAUSED;0.20;0.26;0.34;0.19;>95%;53;1;0.0189;0.19;0.19;0;0.00;;0;0.00
PAUSED;FRASE;libros infantiles para 10 años;PHRASE;CAMPAIGN_PAUSED;0.15;0.19;0.24;0.10;;9;0;0;0.00;0.00;0;0.00;;0;0.00
PAUSED;FRASE;libros infantiles de 10 años;PHRASE;CAMPAIGN_PAUSED;0.15;0.19;0.24;0.10;;0;0;;0.00;0.00;0;0.00;;0;0.00
ENABLED;FRASE;libros infantiles 7 años niños;PHRASE;CAMPAIGN_PAUSED;;;;0.10;;0;0;;0.00;0.00;0;0.00;;0;0.00
ENABLED;FRASE;libros infantiles 7 años niñas;PHRASE;CAMPAIGN_PAUSED;;;;0.10;;0;0;;0.00;0.00;0;0.00;;0;0.00
ENABLED;FRASE;libros infantiles 6 años niñas;PHRASE;CAMPAIGN_PAUSED;;;;0.10;;0;0;;0.00;0.00;0;0.00;;0;0.00
ENABLED;FRASE;libros infantiles 3 años emociones;PHRASE;CAMPAIGN_PAUSED;;;;0.10;;0;0;;0.00;0.00;0;0.00;;0;0.00
ENABLED;FRASE;libros infantiles 14 años;PHRASE;CAMPAIGN_PAUSED;;;;0.10;;0;0;;0.00;0.00;0;0.00;;0;0.00
ENABLED;FRASE;libros infantiles 12 años niños;PHRASE;CAMPAIGN_PAUSED;;;;0.10;;0;0;;0.00;0.00;0;0.00;;0;0.00
ENABLED;FRASE;libros infantiles 12 años niñas;PHRASE;CAMPAIGN_PAUSED;;;;0.10;;0;0;;0.00;0.00;0;0.00;;0;0.00
ENABLED;FRASE;libros infantiles 12 años mas vendidos;PHRASE;CAMPAIGN_PAUSED;;;;0.10;;0;0;;0.00;0.00;0;0.00;;0;0.00
ENABLED;FRASE;libros infantiles 12 años;PHRASE;CAMPAIGN_PAUSED;;;;0.10;;47;1;0.0213;0.18;0.18;0;0.00;;0;0.00
ENABLED;FRASE;libros infantiles 11 y 12 años;PHRASE;CAMPAIGN_PAUSED;0.14;0.16;0.24;0.10;;0;0;;0.00;0.00;0;0.00;;0;0.00
ENABLED;FRASE;libros infantiles 11 años;PHRASE;CAMPAIGN_PAUSED;0.13;0.20;0.20;0.10;;4;0;0;0.00;0.00;0;0.00;;0;0.00
PAUSED;FRASE;libros infantiles 10 años niños;PHRASE;CAMPAIGN_PAUSED;;;;0.19;;0;0;;0.00;0.00;0;0.00;;0;0.00
PAUSED;FRASE;libros infantiles 10 años niñas;PHRASE;CAMPAIGN_PAUSED;;;;0.19;;0;0;;0.00;0.00;0;0.00;;0;0.00
PAUSED;FRASE;libros infantiles 10 años mas vendidos;PHRASE;CAMPAIGN_PAUSED;0.15;0.19;0.24;0.19;;0;0;;0.00;0.00;0;0.00;;0;0.00
PAUSED;FRASE;libros infantiles 10 años;PHRASE;CAMPAIGN_PAUSED;0.15;0.19;0.24;0.10;;0;0;;0.00;0.00;0;0.00;;0;0.00
PAUSED;FRASE;libros infantil 10 años;PHRASE;CAMPAIGN_PAUSED;0.15;0.19;0.24;0.10;;127;1;0.0079;0.54;0.54;0;0.00;;0;0.00
ENABLED;FRASE;libros ilustrados 12 años;PHRASE;CAMPAIGN_PAUSED;;;;0.10;;1;0;0;0.00;0.00;0;0.00;;0;0.00
ENABLED;FRASE;libros harry potter español coleccion completa;PHRASE;CAMPAIGN_PAUSED;0.12;0.22;0.22;0.10;;0;0;;0.00;0.00;0;0.00;;0;0.00
ENABLED;FRASE;libros harry potter español;PHRASE;CAMPAIGN_PAUSED;0.14;0.19;0.38;0.10;;725;0;0;0.00;0.00;0;0.00;;0;0.00
ENABLED;FRASE;libros futbol niños 12 años;PHRASE;CAMPAIGN_PAUSED;;;;0.10;;0;0;;0.00;0.00;0;0.00;;0;0.00
ENABLED;FRASE;libros fantasia juvenil espanol;PHRASE;CAMPAIGN_PAUSED;;;;0.19;;0;0;;0.00;0.00;0;0.00;;0;0.00
ENABLED;FRASE;libros fantasia juvenil;PHRASE;CAMPAIGN_PAUSED;0.17;0.20;0.30;0.10;;0;0;;0.00;0.00;0;0.00;;0;0.00
ENABLED;FRASE;libros fantasia epica;PHRASE;CAMPAIGN_PAUSED;0.14;0.18;0.36;0.10;;66;0;0;0.00;0.00;0;0.00;;0;0.00
ENABLED;FRASE;libros fantasia;PHRASE;CAMPAIGN_PAUSED;0.16;0.19;0.33;0.10;;0;0;;0.00;0.00;0;0.00;;0;0.00
ENABLED;FRASE;libros en español para niños de 3-5 años;PHRASE;CAMPAIGN_PAUSED;;;;0.10;;0;0;;0.00;0.00;0;0.00;;0;0.00
ENABLED;FRASE;libros elige tu propia aventura 12 años;PHRASE;CAMPAIGN_PAUSED;;;;0.10;;0;0;;0.00;0.00;0;0.00;;0;0.00
PAUSED;FRASE;libros electrónicos;PHRASE;CAMPAIGN_PAUSED;0.18;0.24;0.31;0.10;9626955475330920%;12115;29;0.0024;10.21;0.35;0;0.00;;0;0.00
PAUSED;FRASE;libros electronicos kindle;PHRASE;CAMPAIGN_PAUSED;0.18;0.25;0.30;0.10;12.5%;1384;3;0.0022;0.81;0.27;0;0.00;;0;0.00
ENABLED;FRASE;libros el señor de los anillos;PHRASE;CAMPAIGN_PAUSED;0.13;0.13;0.18;0.10;;18;0;0;0.00;0.00;0;0.00;;0;0.00
ENABLED;FRASE;libros el nombre del viento;PHRASE;CAMPAIGN_PAUSED;;;;0.10;;0;0;;0.00;0.00;0;0.00;;0;0.00
ENABLED;FRASE;libros educativos 12 años;PHRASE;CAMPAIGN_PAUSED;;;;0.10;;4;0;0;0.00;0.00;0;0.00;;0;0.00
ENABLED;FRASE;libros ebook;PHRASE;CAMPAIGN_PAUSED;0.16;0.22;0.29;0.10;10.0%;664;1;0.0015;0.41;0.41;0;0.00;;0;0.00
ENABLED;FRASE;libros divertidos para niños de 12 años;PHRASE;CAMPAIGN_PAUSED;;;;0.10;;0;0;;0.00;0.00;0;0.00;;0;0.00
PAUSED;FRASE;libros divertidos para niños de 10 años;PHRASE;CAMPAIGN_PAUSED;;;;0.10;;0;0;;0.00;0.00;0;0.00;;0;0.00
PAUSED;FRASE;libros divertidos niñas 10 años;PHRASE;CAMPAIGN_PAUSED;;;;0.10;;0;0;;0.00;0.00;0;0.00;;0;0.00
ENABLED;FRASE;libros digitales;PHRASE;CAMPAIGN_PAUSED;0.17;0.22;0.35;0.10;24489795918367300%;2153;0;0;0.00;0.00;0;0.00;;0;0.00
ENABLED;FRASE;libros didacticos 12 años;PHRASE;CAMPAIGN_PAUSED;;;;0.10;;0;0;;0.00;0.00;0;0.00;;0;0.00
PAUSED;FRASE;libros de niños de 9 a 10 años;PHRASE;CAMPAIGN_PAUSED;0.19;0.24;0.48;0.10;;0;0;;0.00;0.00;0;0.00;;0;0.00
ENABLED;FRASE;libros de niños de 12 años;PHRASE;CAMPAIGN_PAUSED;0.16;0.21;0.30;0.10;;0;0;;0.00;0.00;0;0.00;;0;0.00
PAUSED;FRASE;libros de niños de 10 años;PHRASE;CAMPAIGN_PAUSED;0.17;0.21;0.40;0.10;;0;0;;0.00;0.00;0;0.00;;0;0.00
ENABLED;FRASE;libros de niñas de 12 años;PHRASE;CAMPAIGN_PAUSED;0.16;0.21;0.30;0.10;;0;0;;0.00;0.00;0;0.00;;0;0.00
ENABLED;FRASE;libros de niñas de 11 años;PHRASE;CAMPAIGN_PAUSED;0.18;0.24;0.48;0.10;;0;0;;0.00;0.00;0;0.00;;0;0.00
PAUSED;FRASE;libros de niñas de 10 años;PHRASE;CAMPAIGN_PAUSED;0.17;0.21;0.40;0.10;;0;0;;0.00;0.00;0;0.00;;0;0.00
PAUSED;FRASE;libros de misterio para niños de 12 años;PHRASE;CAMPAIGN_PAUSED;0.19;0.23;0.28;0.10;;0;0;;0.00;0.00;0;0.00;;0;0.00
ENABLED;FRASE;libros de lectura para niños de 13 años;PHRASE;CAMPAIGN_PAUSED;;;;0.10;;0;0;;0.00;0.00;0;0.00;;0;0.00
ENABLED;FRASE;libros de lectura para niños de 12 años;PHRASE;CAMPAIGN_PAUSED;;;;0.10;;0;0;;0.00;0.00;0;0.00;;0;0.00
ENABLED;FRASE;libros de lectura para niños de 11 años;PHRASE;CAMPAIGN_PAUSED;0.19;0.27;0.27;0.10;;0;0;;0.00;0.00;0;0.00;;0;0.00
PAUSED;FRASE;libros de lectura para niños de 10 años;PHRASE;CAMPAIGN_PAUSED;;;;0.10;;0;0;;0.00;0.00;0;0.00;;0;0.00
PAUSED;FRASE;libros de lectura para niñas de 10 años;PHRASE;CAMPAIGN_PAUSED;;;;0.10;;0;0;;0.00;0.00;0;0.00;;0;0.00
ENABLED;FRASE;libros de lectura para 12 años;PHRASE;CAMPAIGN_PAUSED;0.22;0.32;0.32;0.10;;293;3;0.0102;3.26;1.09;0;0.00;;0;0.00
ENABLED;FRASE;libros de lectura 15 anos;PHRASE;CAMPAIGN_PAUSED;;;;0.19;;0;0;;0.00;0.00;0;0.00;;0;0.00
ENABLED;FRASE;libros de lectura 12 años;PHRASE;CAMPAIGN_PAUSED;0.22;0.32;0.32;0.10;50.0%;43;0;0;0.00;0.00;0;0.00;;0;0.00
ENABLED;FRASE;libros de lectura 11 años;PHRASE;CAMPAIGN_PAUSED;;;;0.10;;26;0;0;0.00;0.00;0;0.00;;0;0.00
PAUSED;FRASE;libros de lectura 10 años;PHRASE;CAMPAIGN_PAUSED;0.17;0.27;0.27;0.10;;35;0;0;0.00;0.00;0;0.00;;0;0.00
ENABLED;FRASE;libros de laura gallego;PHRASE;CAMPAIGN_PAUSED;0.13;0.20;0.30;0.10;696969696969697%;6212;18;0.0029;6.44;0.36;0;0.00;;0;0.00
PAUSED;FRASE;libros de intriga para niños de 12 años;PHRASE;CAMPAIGN_PAUSED;;;;0.10;;0;0;;0.00;0.00;0;0.00;;0;0.00
ENABLED;FRASE;libros de harry potter en español;PHRASE;CAMPAIGN_PAUSED;0.14;0.19;0.38;0.10;;60;0;0;0.00;0.00;0;0.00;;0;0.00
ENABLED;FRASE;libros de harry potter;PHRASE;CAMPAIGN_PAUSED;0.13;0.17;0.27;0.10;87.5%;4365;2;0.0005;0.27;0.14;0;0.00;;0;0.00
ENABLED;FRASE;libros de fantasia y aventuras;PHRASE;CAMPAIGN_PAUSED;;;;0.19;;4;0;0;0.00;0.00;0;0.00;;0;0.00
ENABLED;FRASE;libros de fantasia para adultos;PHRASE;CAMPAIGN_PAUSED;0.18;0.23;0.35;0.19;;0;0;;0.00;0.00;0;0.00;;0;0.00
ENABLED;FRASE;libros de fantasia para adolescentes;PHRASE;CAMPAIGN_PAUSED;0.24;0.29;0.34;0.19;;29;0;0;0.00;0.00;0;0.00;;0;0.00
ENABLED;FRASE;libros de fantasia medieval;PHRASE;CAMPAIGN_PAUSED;0.13;0.15;0.30;0.19;;0;0;;0.00;0.00;0;0.00;;0;0.00
ENABLED;FRASE;libros de fantasia juvenil;PHRASE;CAMPAIGN_PAUSED;0.17;0.20;0.30;0.10;4552058111380140%;1541;9;0.0058;5.56;0.62;0;0.00;;0;0.00
ENABLED;FRASE;libros de fantasia epica;PHRASE;CAMPAIGN_PAUSED;0.14;0.18;0.36;0.10;;0;0;;0.00;0.00;0;0.00;;0;0.00
ENABLED;FRASE;libros de fantasia adultos;PHRASE;CAMPAIGN_PAUSED;0.18;0.23;0.35;0.19;20.0%;521;14;0.0269;6.26;0.45;2;31.98;0.1957;0;0.00
ENABLED;FRASE;libros de fantasia;PHRASE;CAMPAIGN_PAUSED;0.16;0.19;0.33;0.10;7333333333333330%;3697;17;0.0046;5.39;0.32;1;2.88;18.715;0;0.00
PAUSED;FRASE;libros de escritura para niños de 12 años;PHRASE;CAMPAIGN_PAUSED;;;;0.10;;0;0;;0.00;0.00;0;0.00;;0;0.00
PAUSED;FRASE;libros de chistes para niños 11 años;PHRASE;CAMPAIGN_PAUSED;;;;0.10;;0;0;;0.00;0.00;0;0.00;;0;0.00
ENABLED;FRASE;libros de cancion de hielo y fuego;PHRASE;CAMPAIGN_PAUSED;0.14;0.19;0.25;0.10;;0;0;;0.00;0.00;0;0.00;;0;0.00
ENABLED;FRASE;libros de cancion de fuego y hielo;PHRASE;CAMPAIGN_PAUSED;;;;0.10;;1;0;0;0.00;0.00;0;0.00;;0;0.00
ENABLED;FRASE;libros de aventuras para niños de 12 años;PHRASE;CAMPAIGN_PAUSED;;;;0.10;;0;0;;0.00;0.00;0;0.00;;0;0.00
ENABLED;FRASE;libros de aventuras para niños de 11 años;PHRASE;CAMPAIGN_PAUSED;;;;0.10;;0;0;;0.00;0.00;0;0.00;;0;0.00
ENABLED;FRASE;libros de aventuras para adultos;PHRASE;CAMPAIGN_PAUSED;0.16;0.25;0.50;0.19;;128;3;0.0234;1.87;0.62;2;31.98;0.0585;0;0.00
ENABLED;FRASE;libros de aventuras para 13 años;PHRASE;CAMPAIGN_PAUSED;;;;0.10;;17;0;0;0.00;0.00;0;0.00;;0;0.00
ENABLED;FRASE;libros de aventuras para 12 años;PHRASE;CAMPAIGN_PAUSED;;;;0.10;;103;0;0;0.00;0.00;0;0.00;;0;0.00
PAUSED;FRASE;libros de aventuras para 10 años;PHRASE;CAMPAIGN_PAUSED;0.20;0.24;0.37;0.10;;2;0;0;0.00;0.00;0;0.00;;0;0.00
ENABLED;FRASE;libros de aventuras 14 años;PHRASE;CAMPAIGN_PAUSED;;;;0.10;;18;1;0.0556;0.21;0.21;0;0.00;;0;0.00
ENABLED;FRASE;libros de aventuras 14 anos;PHRASE;CAMPAIGN_PAUSED;;;;0.19;;0;0;;0.00;0.00;0;0.00;;0;0.00
ENABLED;FRASE;libros de aventuras 12 años;PHRASE;CAMPAIGN_PAUSED;;;;0.10;;11;0;0;0.00;0.00;0;0.00;;0;0.00
PAUSED;FRASE;libros de aventuras 10 años;PHRASE;CAMPAIGN_PAUSED;0.20;0.24;0.37;0.10;;0;0;;0.00;0.00;0;0.00;;0;0.00
ENABLED;FRASE;libros de aventuras;PHRASE;CAMPAIGN_PAUSED;0.16;0.20;0.30;0.10;21875%;2839;8;0.0028;2.36;0.30;0;0.00;;0;0.00
ENABLED;FRASE;libros de aventura para adolescentes;PHRASE;CAMPAIGN_PAUSED;0.16;0.19;0.21;0.19;;48;1;0.0208;0.20;0.20;0;0.00;;0;0.00
ENABLED;FRASE;libros de aventura juvenil;PHRASE;CAMPAIGN_PAUSED;;;;0.19;;40;0;0;0.00;0.00;0;0.00;;0;0.00
ENABLED;FRASE;libros de amor 14 años;PHRASE;CAMPAIGN_PAUSED;;;;0.10;;6;0;0;0.00;0.00;0;0.00;;0;0.00
ENABLED;FRASE;libros de adolescentes;PHRASE;CAMPAIGN_PAUSED;0.15;0.18;0.36;0.10;;0;0;;0.00;0.00;0;0.00;;0;0.00
ENABLED;FRASE;libros de 9 a 12 años;PHRASE;CAMPAIGN_PAUSED;;;;0.10;;0;0;;0.00;0.00;0;0.00;;0;0.00
ENABLED;FRASE;libros de 14 años;PHRASE;CAMPAIGN_PAUSED;0.13;0.18;0.18;0.10;;14;0;0;0.00;0.00;0;0.00;;0;0.00
ENABLED;FRASE;libros de 13 años;PHRASE;CAMPAIGN_PAUSED;0.14;0.19;0.31;0.10;4411764705882350%;553;7;0.0127;1.66;0.24;0;0.00;;0;0.00
ENABLED;FRASE;libros de 12 años niñas;PHRASE;CAMPAIGN_PAUSED;;;;0.19;;0;0;;0.00;0.00;0;0.00;;0;0.00
ENABLED;FRASE;libros de 12 años;PHRASE;CAMPAIGN_PAUSED;0.17;0.22;0.31;0.10;;363;3;0.0083;0.64;0.21;0;0.00;;0;0.00
ENABLED;FRASE;libros de 12 a 14 años;PHRASE;CAMPAIGN_PAUSED;0.13;0.19;0.19;0.10;;0;0;;0.00;0.00;0;0.00;;0;0.00
ENABLED;FRASE;libros de 11 años;PHRASE;CAMPAIGN_PAUSED;0.16;0.20;0.40;0.10;;232;2;0.0086;1.07;0.54;0;0.00;;0;0.00
ENABLED;FRASE;libros de 11 a 12 años;PHRASE;CAMPAIGN_PAUSED;0.14;0.24;0.24;0.10;;4;0;0;0.00;0.00;0;0.00;;0;0.00
PAUSED;FRASE;libros de 10 años;PHRASE;CAMPAIGN_PAUSED;0.21;0.28;0.39;0.10;;0;0;;0.00;0.00;0;0.00;;0;0.00
PAUSED;FRASE;libros de 10 a 12 años;PHRASE;CAMPAIGN_PAUSED;0.13;0.24;0.24;0.10;;16;0;0;0.00;0.00;0;0.00;;0;0.00
ENABLED;FRASE;libros chicos 12 años;PHRASE;CAMPAIGN_PAUSED;;;;0.19;;0;0;;0.00;0.00;0;0.00;;0;0.00
ENABLED;FRASE;libros chicas 12 años;PHRASE;CAMPAIGN_PAUSED;;;;0.10;;50;0;0;0.00;0.00;0;0.00;;0;0.00
PAUSED;FRASE;libros chicas 10 años;PHRASE;CAMPAIGN_PAUSED;;;;0.10;;9;0;0;0.00;0.00;0;0.00;;0;0.00
ENABLED;FRASE;libros cancion de hielo y fuego español;PHRASE;CAMPAIGN_PAUSED;;;;0.10;;0;0;;0.00;0.00;0;0.00;;0;0.00
ENABLED;FRASE;libros cancion de hielo y fuego;PHRASE;CAMPAIGN_PAUSED;0.14;0.19;0.25;0.10;;0;0;;0.00;0.00;0;0.00;;0;0.00
ENABLED;FRASE;libros brandon sanderson;PHRASE;CAMPAIGN_PAUSED;0.13;0.17;0.17;0.10;;0;0;;0.00;0.00;0;0.00;;0;0.00
ENABLED;FRASE;libros baratos 12 años;PHRASE;CAMPAIGN_PAUSED;;;;0.10;;0;0;;0.00;0.00;0;0.00;;0;0.00
ENABLED;FRASE;libros aventuras niños 12 años;PHRASE;CAMPAIGN_PAUSED;;;;0.10;;0;0;;0.00;0.00;0;0.00;;0;0.00
PAUSED;FRASE;libros aventuras niños 10 años;PHRASE;CAMPAIGN_PAUSED;;;;0.10;;0;0;;0.00;0.00;0;0.00;;0;0.00
ENABLED;FRASE;libros aventuras adultos;PHRASE;CAMPAIGN_PAUSED;0.16;0.25;0.50;0.19;;0;0;;0.00;0.00;0;0.00;;0;0.00
ENABLED;FRASE;libros aventuras adolescentes;PHRASE;CAMPAIGN_PAUSED;0.16;0.19;0.21;0.19;;0;0;;0.00;0.00;0;0.00;;0;0.00
PAUSED;FRASE;libros aventuras 10 años;PHRASE;CAMPAIGN_PAUSED;0.20;0.24;0.37;0.10;;0;0;;0.00;0.00;0;0.00;;0;0.00
ENABLED;FRASE;libros adolescentes mas vendidos 2020;PHRASE;CAMPAIGN_PAUSED;;;;0.19;;0;0;;0.00;0.00;0;0.00;;0;0.00
ENABLED;FRASE;libros adolescentes mas vendidos;PHRASE;CAMPAIGN_PAUSED;0.14;0.18;0.23;0.19;;3199;7;0.0022;5.46;0.78;1;15.99;0.3415;0;0.00
ENABLED;FRASE;libros adolescentes fantasia;PHRASE;CAMPAIGN_PAUSED;0.13;0.15;0.15;0.19;;6;1;0.1667;0.40;0.40;0;0.00;;0;0.00
ENABLED;FRASE;libros adolescentes 17 años;PHRASE;CAMPAIGN_PAUSED;;;;0.10;;70;2;0.0286;0.41;0.21;0;0.00;;0;0.00
ENABLED;FRASE;libros adolescentes 16 años;PHRASE;CAMPAIGN_PAUSED;;;;0.10;;1;0;0;0.00;0.00;0;0.00;;0;0.00
ENABLED;FRASE;libros adolescentes 14 años;PHRASE;CAMPAIGN_PAUSED;0.15;0.19;0.27;0.10;6666666666666660%;822;4;0.0049;0.79;0.20;0;0.00;;0;0.00
ENABLED;FRASE;libros adolescentes 14 anos;PHRASE;CAMPAIGN_PAUSED;;;;0.19;;1098;1;0.0009;0.06;0.06;0;0.00;;0;0.00
ENABLED;FRASE;libros adolescentes 13 años;PHRASE;CAMPAIGN_PAUSED;0.15;0.23;0.25;0.10;;4;0;0;0.00;0.00;0;0.00;;0;0.00
ENABLED;FRASE;libros adolescentes 12 años;PHRASE;CAMPAIGN_PAUSED;0.13;0.17;0.34;0.10;;7;0;0;0.00;0.00;0;0.00;;0;0.00
ENABLED;FRASE;libros adolescentes;PHRASE;CAMPAIGN_PAUSED;0.15;0.18;0.36;0.10;;23846;71;0.003;48.60;0.68;7;111.93;0.4342;0;0.00
ENABLED;FRASE;libros a partir de 12 años;PHRASE;CAMPAIGN_PAUSED;0.13;0.16;0.16;0.10;80.0%;63;1;0.0159;0.34;0.34;0;0.00;;0;0.00
PAUSED;FRASE;libros a partir de 10 años;PHRASE;CAMPAIGN_PAUSED;;;;0.10;;2;0;0;0.00;0.00;0;0.00;;0;0.00
ENABLED;FRASE;libros 9 a 12 años;PHRASE;CAMPAIGN_PAUSED;;;;0.10;;4;0;0;0.00;0.00;0;0.00;;0;0.00
ENABLED;FRASE;libros 18 años;PHRASE;CAMPAIGN_PAUSED;;;;0.10;;33;1;0.0303;0.29;0.29;0;0.00;;0;0.00
ENABLED;FRASE;libros 18 anos;PHRASE;CAMPAIGN_PAUSED;;;;0.19;;111;0;0;0.00;0.00;0;0.00;;0;0.00
ENABLED;FRASE;libros 17 años;PHRASE;CAMPAIGN_PAUSED;;;;0.10;;10;0;0;0.00;0.00;0;0.00;;0;0.00
ENABLED;FRASE;libros 16 años mas vendido;PHRASE;CAMPAIGN_PAUSED;;;;0.19;;0;0;;0.00;0.00;0;0.00;;0;0.00
ENABLED;FRASE;libros 16 años;PHRASE;CAMPAIGN_PAUSED;;;;0.10;>95%;25;0;0;0.00;0.00;0;0.00;;0;0.00
ENABLED;FRASE;libros 16 anos mas vendido;PHRASE;CAMPAIGN_PAUSED;;;;0.19;;0;0;;0.00;0.00;0;0.00;;0;0.00
ENABLED;FRASE;libros 15 años;PHRASE;CAMPAIGN_PAUSED;;;;0.10;;2;0;0;0.00;0.00;0;0.00;;0;0.00
ENABLED;FRASE;libros 14 años mas vendido;PHRASE;CAMPAIGN_PAUSED;;;;0.19;;0;0;;0.00;0.00;0;0.00;;0;0.00
ENABLED;FRASE;libros 14 años;PHRASE;CAMPAIGN_PAUSED;0.13;0.18;0.18;0.10;80.0%;65;1;0.0154;0.23;0.23;0;0.00;;0;0.00
ENABLED;FRASE;libros 14 anos ninas;PHRASE;CAMPAIGN_PAUSED;;;;0.19;;299;0;0;0.00;0.00;0;0.00;;0;0.00
ENABLED;FRASE;libros 13 años;PHRASE;CAMPAIGN_PAUSED;0.14;0.19;0.31;0.10;;7;0;0;0.00;0.00;0;0.00;;0;0.00
ENABLED;FRASE;libros 13 a 14 años;PHRASE;CAMPAIGN_PAUSED;;;;0.10;;55;0;0;0.00;0.00;0;0.00;;0;0.00
ENABLED;FRASE;libros 12-14 años;PHRASE;CAMPAIGN_PAUSED;0.13;0.19;0.19;0.10;;0;0;;0.00;0.00;0;0.00;;0;0.00
ENABLED;FRASE;libros 12 años niño;PHRASE;CAMPAIGN_PAUSED;;;;0.19;;9;0;0;0.00;0.00;0;0.00;;0;0.00
ENABLED;FRASE;libros 12 años niñas;PHRASE;CAMPAIGN_PAUSED;;;;0.19;;13;0;0;0.00;0.00;0;0.00;;0;0.00
ENABLED;FRASE;libros 12 años mas vendidos niños;PHRASE;CAMPAIGN_PAUSED;0.18;0.24;0.33;0.19;;0;0;;0.00;0.00;0;0.00;;0;0.00
ENABLED;FRASE;libros 12 años mas vendidos;PHRASE;CAMPAIGN_PAUSED;0.17;0.32;0.32;0.10;;0;0;;0.00;0.00;0;0.00;;0;0.00
ENABLED;FRASE;libros 12 años;PHRASE;CAMPAIGN_PAUSED;0.17;0.22;0.31;0.10;;93;2;0.0215;0.34;0.17;0;0.00;;0;0.00
ENABLED;FRASE;libros 12 anos;PHRASE;CAMPAIGN_PAUSED;;;;0.10;;10485;4;0.0004;1.68;0.42;0;0.00;;0;0.00
ENABLED;FRASE;libros 11-12 años;PHRASE;CAMPAIGN_PAUSED;0.14;0.24;0.24;0.10;;0;0;;0.00;0.00;0;0.00;;0;0.00
ENABLED;FRASE;libros 11 años niño;PHRASE;CAMPAIGN_PAUSED;;;;0.19;;3;0;0;0.00;0.00;0;0.00;;0;0.00
ENABLED;FRASE;libros 11 años niñas;PHRASE;CAMPAIGN_PAUSED;;;;0.10;;2;0;0;0.00;0.00;0;0.00;;0;0.00
ENABLED;FRASE;libros 11 años niña;PHRASE;CAMPAIGN_PAUSED;;;;0.19;;14;0;0;0.00;0.00;0;0.00;;0;0.00
ENABLED;FRASE;libros 11 años mas vendidos;PHRASE;CAMPAIGN_PAUSED;;;;0.10;;0;0;;0.00;0.00;0;0.00;;0;0.00
ENABLED;FRASE;libros 11 años aventuras;PHRASE;CAMPAIGN_PAUSED;;;;0.10;;1;0;0;0.00;0.00;0;0.00;;0;0.00
ENABLED;FRASE;libros 11 años;PHRASE;CAMPAIGN_PAUSED;0.16;0.20;0.40;0.10;;0;0;;0.00;0.00;0;0.00;;0;0.00
PAUSED;FRASE;libros 10-12 años;PHRASE;CAMPAIGN_PAUSED;0.13;0.24;0.24;0.10;;0;0;;0.00;0.00;0;0.00;;0;0.00
PAUSED;FRASE;libros 10 años niño;PHRASE;CAMPAIGN_PAUSED;;;;0.19;;75;0;0;0.00;0.00;0;0.00;;0;0.00
PAUSED;FRASE;libros 10 años niña;PHRASE;CAMPAIGN_PAUSED;;;;0.19;;28;0;0;0.00;0.00;0;0.00;;0;0.00
PAUSED;FRASE;libros 10 años mas vendidos;PHRASE;CAMPAIGN_PAUSED;0.19;0.28;0.28;0.10;;0;0;;0.00;0.00;0;0.00;;0;0.00
PAUSED;FRASE;libros 10 años;PHRASE;CAMPAIGN_PAUSED;0.21;0.28;0.39;0.10;;0;0;;0.00;0.00;0;0.00;;0;0.00
PAUSED;FRASE;libros 10 12 años;PHRASE;CAMPAIGN_PAUSED;0.13;0.24;0.24;0.19;;0;0;;0.00;0.00;0;0.00;;0;0.00
ENABLED;FRASE;librojuegos adultos;PHRASE;CAMPAIGN_PAUSED;0.14;0.23;0.23;0.19;;1;0;0;0.00;0.00;0;0.00;;0;0.00
ENABLED;FRASE;libro todas las hadas del reino laura gallego;PHRASE;CAMPAIGN_PAUSED;;;;0.10;;0;0;;0.00;0.00;0;0.00;;0;0.00
ENABLED;FRASE;libro piedras verdes;PHRASE;CAMPAIGN_PAUSED;;;;0.19;;49;0;0;0.00;0.00;0;0.00;;0;0.00
ENABLED;FRASE;libro para adolescentes chicas;PHRASE;CAMPAIGN_PAUSED;0.17;0.18;0.26;0.19;;1740;1;0.0006;0.22;0.22;0;0.00;;0;0.00
ENABLED;FRASE;libro para adolescentes;PHRASE;CAMPAIGN_PAUSED;0.15;0.18;0.36;0.19;;937;1;0.0011;0.81;0.81;0;0.00;;0;0.00
ENABLED;FRASE;libro para 14 años;PHRASE;CAMPAIGN_PAUSED;0.13;0.18;0.18;0.19;;0;0;;0.00;0.00;0;0.00;;0;0.00
ENABLED;FRASE;libro para 12 años;PHRASE;CAMPAIGN_PAUSED;0.17;0.22;0.31;0.19;;1;0;0;0.00;0.00;0;0.00;;0;0.00
ENABLED;FRASE;libro niño 14 años;PHRASE;CAMPAIGN_PAUSED;;;;0.19;;0;0;;0.00;0.00;0;0.00;;0;0.00
ENABLED;FRASE;libro niño 13 años;PHRASE;CAMPAIGN_PAUSED;;;;0.19;;0;0;;0.00;0.00;0;0.00;;0;0.00
ENABLED;FRASE;libro nina 13 anos;PHRASE;CAMPAIGN_PAUSED;;;;0.19;;585;0;0;0.00;0.00;0;0.00;;0;0.00
ENABLED;FRASE;libro lectura 13 años;PHRASE;CAMPAIGN_PAUSED;;;;0.19;<5%;1;0;0;0.00;0.00;0;0.00;;0;0.00
ENABLED;FRASE;libro laura gallego;PHRASE;CAMPAIGN_PAUSED;0.13;0.20;0.30;0.10;;0;0;;0.00;0.00;0;0.00;;0;0.00
ENABLED;FRASE;libro las puertas de piedra;PHRASE;CAMPAIGN_PAUSED;;;;0.10;;2;0;0;0.00;0.00;0;0.00;;0;0.00
ENABLED;FRASE;libro juvenil 16 años;PHRASE;CAMPAIGN_PAUSED;;;;0.19;;0;0;;0.00;0.00;0;0.00;;0;0.00
ENABLED;FRASE;libro juvenil 14 años;PHRASE;CAMPAIGN_PAUSED;0.18;0.26;0.52;0.19;13636363636363600%;3;0;0;0.00;0.00;0;0.00;;0;0.00
ENABLED;FRASE;libro juvenil 13 años;PHRASE;CAMPAIGN_PAUSED;;;;0.19;;0;0;;0.00;0.00;0;0.00;;0;0.00
ENABLED;FRASE;libro juvenil 12 años;PHRASE;CAMPAIGN_PAUSED;0.15;0.23;0.37;0.19;;0;0;;0.00;0.00;0;0.00;;0;0.00
ENABLED;FRASE;libro juvenil 12 anos;PHRASE;CAMPAIGN_PAUSED;;;;0.19;;872;1;0.0011;0.31;0.31;0;0.00;;0;0.00
ENABLED;FRASE;libro juvenil;PHRASE;CAMPAIGN_PAUSED;0.16;0.19;0.34;0.19;<5%;16723;28;0.0017;13.01;0.46;0;0.00;;0;0.00
ENABLED;FRASE;libro juego de tronos cancion de hielo y fuego;PHRASE;CAMPAIGN_PAUSED;;;;0.10;;0;0;;0.00;0.00;0;0.00;;0;0.00
ENABLED;FRASE;libro finis mundi laura gallego;PHRASE;CAMPAIGN_PAUSED;;;;0.10;;0;0;;0.00;0.00;0;0.00;;0;0.00
ENABLED;FRASE;libro fantasia adulto;PHRASE;CAMPAIGN_PAUSED;0.18;0.23;0.35;0.19;;0;0;;0.00;0.00;0;0.00;;0;0.00
ENABLED;FRASE;libro fantasia;PHRASE;CAMPAIGN_PAUSED;0.16;0.19;0.33;0.10;;104;0;0;0.00;0.00;0;0.00;;0;0.00
ENABLED;FRASE;libro en el nombre del viento;PHRASE;CAMPAIGN_PAUSED;;;;0.10;;0;0;;0.00;0.00;0;0.00;;0;0.00
ENABLED;FRASE;libro el valle de los lobos laura gallego;PHRASE;CAMPAIGN_PAUSED;;;;0.10;;0;0;;0.00;0.00;0;0.00;;0;0.00
ENABLED;FRASE;libro el nombre del viento;PHRASE;CAMPAIGN_PAUSED;;;;0.10;;12;0;0;0.00;0.00;0;0.00;;0;0.00
ENABLED;FRASE;libro de lectura 14 anos;PHRASE;CAMPAIGN_PAUSED;;;;0.19;;85;0;0;0.00;0.00;0;0.00;;0;0.00
ENABLED;FRASE;libro de aventuras;PHRASE;CAMPAIGN_PAUSED;0.16;0.20;0.30;0.03;38297872340425500%;20;1;0.05;3.42;3.42;0;0.00;;0;0.00
ENABLED;FRASE;libro canción de hielo y fuego;PHRASE;CAMPAIGN_PAUSED;0.14;0.19;0.25;0.10;;18;0;0;0.00;0.00;0;0.00;;0;0.00
ENABLED;FRASE;libro cancion de hielo y fuego 2;PHRASE;CAMPAIGN_PAUSED;;;;0.10;;0;0;;0.00;0.00;0;0.00;;0;0.00
ENABLED;FRASE;libro cancion de hielo y fuego;PHRASE;CAMPAIGN_PAUSED;0.14;0.19;0.25;0.10;;0;0;;0.00;0.00;0;0.00;;0;0.00
ENABLED;FRASE;libro brandon sanderson;PHRASE;CAMPAIGN_PAUSED;0.13;0.17;0.17;0.10;;947;3;0.0032;0.94;0.31;0;0.00;;0;0.00
ENABLED;FRASE;libro aventuras adulto;PHRASE;CAMPAIGN_PAUSED;0.16;0.25;0.50;0.19;;64;0;0;0.00;0.00;0;0.00;;0;0.00
ENABLED;FRASE;libro aventura adultos;PHRASE;CAMPAIGN_PAUSED;0.16;0.25;0.50;0.19;;0;0;;0.00;0.00;0;0.00;;0;0.00
ENABLED;FRASE;libro adolescentes mas vendidos;PHRASE;CAMPAIGN_PAUSED;0.14;0.18;0.23;0.19;;31;0;0;0.00;0.00;0;0.00;;0;0.00
ENABLED;FRASE;libro adolescentes 16 años;PHRASE;CAMPAIGN_PAUSED;;;;0.19;50.0%;1;0;0;0.00;0.00;0;0.00;;0;0.00
ENABLED;FRASE;libro adolescentes 14 años;PHRASE;CAMPAIGN_PAUSED;0.15;0.19;0.27;0.19;17391304347826000%;4;0;0;0.00;0.00;0;0.00;;0;0.00
ENABLED;FRASE;libro adolescentes;PHRASE;CAMPAIGN_PAUSED;0.15;0.18;0.36;0.19;;0;0;;0.00;0.00;0;0.00;;0;0.00
ENABLED;FRASE;libro 15 años;PHRASE;CAMPAIGN_PAUSED;;;;0.19;;0;0;;0.00;0.00;0;0.00;;0;0.00
ENABLED;FRASE;libro 14 años;PHRASE;CAMPAIGN_PAUSED;0.13;0.18;0.18;0.19;;0;0;;0.00;0.00;0;0.00;;0;0.00
ENABLED;FRASE;libro 13 años;PHRASE;CAMPAIGN_PAUSED;0.14;0.19;0.31;0.19;>95%;1;0;0;0.00;0.00;0;0.00;;0;0.00
ENABLED;FRASE;libro 13 anos;PHRASE;CAMPAIGN_PAUSED;;;;0.19;;1199;1;0.0008;0.44;0.44;0;0.00;;0;0.00
ENABLED;FRASE;legion brandon sanderson español;PHRASE;CAMPAIGN_PAUSED;;;;0.10;;0;0;;0.00;0.00;0;0.00;;0;0.00
ENABLED;FRASE;legion brandon sanderson;PHRASE;CAMPAIGN_PAUSED;;;;0.10;;4;0;0;0.00;0.00;0;0.00;;0;0.00
ENABLED;FRASE;lectura juvenil 12 años;PHRASE;CAMPAIGN_PAUSED;;;;0.19;;0;0;;0.00;0.00;0;0.00;;0;0.00
ENABLED;FRASE;lectura 13 años;PHRASE;CAMPAIGN_PAUSED;;;;0.19;;0;0;;0.00;0.00;0;0.00;;0;0.00
ENABLED;FRASE;lectura 12 años;PHRASE;CAMPAIGN_PAUSED;;;;0.19;;0;0;;0.00;0.00;0;0.00;;0;0.00
ENABLED;FRASE;laura garcia gallego;PHRASE;CAMPAIGN_PAUSED;;;;0.10;;169;0;0;0.00;0.00;0;0.00;;0;0.00
ENABLED;FRASE;laura gallego valle lobos;PHRASE;CAMPAIGN_PAUSED;0.13;0.13;0.14;0.10;;2;0;0;0.00;0.00;0;0.00;;0;0.00
ENABLED;FRASE;laura gallego torre;PHRASE;CAMPAIGN_PAUSED;;;;0.10;;594;1;0.0017;0.28;0.28;0;0.00;;0;0.00
ENABLED;FRASE;laura gallego todas las hadas del reino;PHRASE;CAMPAIGN_PAUSED;;;;0.10;;0;0;;0.00;0.00;0;0.00;;0;0.00
ENABLED;FRASE;laura gallego por una rosa;PHRASE;CAMPAIGN_PAUSED;;;;0.10;;2;0;0;0.00;0.00;0;0.00;;0;0.00
ENABLED;FRASE;laura gallego omnia;PHRASE;CAMPAIGN_PAUSED;;;;0.10;;144;0;0;0.00;0.00;0;0.00;;0;0.00
ENABLED;FRASE;laura gallego memorias de idhun;PHRASE;CAMPAIGN_PAUSED;0.13;0.18;0.18;0.10;;49;0;0;0.00;0.00;0;0.00;;0;0.00
ENABLED;FRASE;laura gallego mandrágora;PHRASE;CAMPAIGN_PAUSED;;;;0.10;;201;0;0;0.00;0.00;0;0.00;;0;0.00
ENABLED;FRASE;laura gallego mandragora;PHRASE;CAMPAIGN_PAUSED;;;;0.10;;0;0;;0.00;0.00;0;0.00;;0;0.00
ENABLED;FRASE;laura gallego libros;PHRASE;CAMPAIGN_PAUSED;0.13;0.16;0.19;0.10;3205128205128200%;1999;7;0.0035;4.02;0.57;1;15.99;0.2514;0;0.00
ENABLED;FRASE;laura gallego las hijas de tara;PHRASE;CAMPAIGN_PAUSED;;;;0.10;;8;0;0;0.00;0.00;0;0.00;;0;0.00
ENABLED;FRASE;laura gallego la mision de rox;PHRASE;CAMPAIGN_PAUSED;;;;0.10;;16;0;0;0.00;0.00;0;0.00;;0;0.00
ENABLED;FRASE;laura gallego la llamada de los muertos;PHRASE;CAMPAIGN_PAUSED;;;;0.10;;2;0;0;0.00;0.00;0;0.00;;0;0.00
ENABLED;FRASE;laura gallego la hija de la noche;PHRASE;CAMPAIGN_PAUSED;;;;0.10;;16;0;0;0.00;0.00;0;0.00;;0;0.00
ENABLED;FRASE;laura gallego kindle;PHRASE;CAMPAIGN_PAUSED;;;;0.10;>95%;22;0;0;0.00;0.00;0;0.00;;0;0.00
ENABLED;FRASE;laura gallego idhun;PHRASE;CAMPAIGN_PAUSED;;;;0.10;;203;0;0;0.00;0.00;0;0.00;;0;0.00
ENABLED;FRASE;laura gallego guardianes de la ciudadela;PHRASE;CAMPAIGN_PAUSED;0.13;0.19;0.19;0.10;>95%;81;0;0;0.00;0.00;0;0.00;;0;0.00
ENABLED;FRASE;laura gallego garcía;PHRASE;CAMPAIGN_PAUSED;0.13;0.14;0.15;0.10;>95%;1727;1;0.0006;0.42;0.42;0;0.00;;0;0.00
ENABLED;FRASE;laura gallego garcia;PHRASE;CAMPAIGN_PAUSED;0.13;0.14;0.15;0.10;;0;0;;0.00;0.00;0;0.00;;0;0.00
ENABLED;FRASE;laura gallego finis mundi;PHRASE;CAMPAIGN_PAUSED;;;;0.10;>95%;131;1;0.0076;0.23;0.23;1;15.99;0.0144;0;0.00
ENABLED;FRASE;laura gallego el valle de los lobos;PHRASE;CAMPAIGN_PAUSED;0.13;0.13;0.14;0.10;;4;0;0;0.00;0.00;0;0.00;;0;0.00
ENABLED;FRASE;laura gallego el bestiario de axlin;PHRASE;CAMPAIGN_PAUSED;;;;0.10;;30;0;0;0.00;0.00;0;0.00;;0;0.00
ENABLED;FRASE;laura gallego dos velas para el diablo;PHRASE;CAMPAIGN_PAUSED;;;;0.10;;0;0;;0.00;0.00;0;0.00;;0;0.00
ENABLED;FRASE;laura gallego donde los árboles cantan;PHRASE;CAMPAIGN_PAUSED;;;;0.10;;0;0;;0.00;0.00;0;0.00;;0;0.00
ENABLED;FRASE;laura gallego donde los arboles cantan;PHRASE;CAMPAIGN_PAUSED;;;;0.10;;34;0;0;0.00;0.00;0;0.00;;0;0.00
ENABLED;FRASE;laura gallego cuando me veas;PHRASE;CAMPAIGN_PAUSED;;;;0.10;;11;0;0;0.00;0.00;0;0.00;;0;0.00
ENABLED;FRASE;laura gallego crónicas de la torre;PHRASE;CAMPAIGN_PAUSED;;;;0.10;;11;0;0;0.00;0.00;0;0.00;;0;0.00
ENABLED;FRASE;laura gallego cronicas de la torre pack;PHRASE;CAMPAIGN_PAUSED;;;;0.10;;0;0;;0.00;0.00;0;0.00;;0;0.00
ENABLED;FRASE;laura gallego cronicas de la torre;PHRASE;CAMPAIGN_PAUSED;;;;0.10;;0;0;;0.00;0.00;0;0.00;;0;0.00
ENABLED;FRASE;laura gallego alas negras;PHRASE;CAMPAIGN_PAUSED;;;;0.10;;2;0;0;0.00;0.00;0;0.00;;0;0.00
ENABLED;FRASE;laura gallego alas de fuego;PHRASE;CAMPAIGN_PAUSED;;;;0.10;;0;0;;0.00;0.00;0;0.00;;0;0.00
ENABLED;FRASE;laura gallego alas;PHRASE;CAMPAIGN_PAUSED;;;;0.10;;2;0;0;0.00;0.00;0;0.00;;0;0.00
ENABLED;FRASE;laura gallego;PHRASE;CAMPAIGN_PAUSED;0.14;0.16;0.30;0.10;8537735849056600%;21031;40;0.0019;11.69;0.29;3;34.86;0.3353;34;0.14
ENABLED;FRASE;las puertas de piedra patrick rothfuss;PHRASE;CAMPAIGN_PAUSED;0.12;0.13;0.15;0.10;;63;0;0;0.00;0.00;0;0.00;;0;0.00
ENABLED;FRASE;las puertas de piedra patrick;PHRASE;CAMPAIGN_PAUSED;0.12;0.13;0.15;0.10;;0;0;;0.00;0.00;0;0.00;;0;0.00
ENABLED;FRASE;las puertas de piedra libro;PHRASE;CAMPAIGN_PAUSED;;;;0.10;;10;0;0;0.00;0.00;0;0.00;;0;0.00
ENABLED;FRASE;las puertas de piedra español;PHRASE;CAMPAIGN_PAUSED;0.12;0.12;0.12;0.10;;1;0;0;0.00;0.00;0;0.00;;0;0.00
ENABLED;FRASE;las puertas de piedra;PHRASE;CAMPAIGN_PAUSED;0.13;0.14;0.17;0.10;;13190;20;0.0015;5.00;0.25;1;15.99;0.3127;0;0.00
ENABLED;FRASE;las hijas de tara laura gallego;PHRASE;CAMPAIGN_PAUSED;0.12;0.14;0.14;0.10;;19;0;0;0.00;0.00;0;0.00;;0;0.00
ENABLED;FRASE;la tormenta brandon sanderson;PHRASE;CAMPAIGN_PAUSED;;;;0.10;;0;0;;0.00;0.00;0;0.00;;0;0.00
ENABLED;FRASE;la rueda del tiempo spanish;PHRASE;CAMPAIGN_PAUSED;;;;0.10;;0;0;;0.00;0.00;0;0.00;;0;0.00
ENABLED;FRASE;la rueda del tiempo robert jordan;PHRASE;CAMPAIGN_PAUSED;;;;0.10;;20;0;0;0.00;0.00;0;0.00;;0;0.00
ENABLED;FRASE;la rueda del tiempo 6;PHRASE;CAMPAIGN_PAUSED;0.12;0.14;0.14;0.10;;19;0;0;0.00;0.00;0;0.00;;0;0.00
ENABLED;FRASE;la rueda del tiempo 3;PHRASE;CAMPAIGN_PAUSED;0.12;0.14;0.14;0.10;;30;0;0;0.00;0.00;0;0.00;;0;0.00
ENABLED;FRASE;la rueda del tiempo 2;PHRASE;CAMPAIGN_PAUSED;0.12;0.15;0.15;0.10;;55;0;0;0.00;0.00;0;0.00;;0;0.00
ENABLED;FRASE;la rueda del tiempo 1;PHRASE;CAMPAIGN_PAUSED;0.13;0.16;0.25;0.10;;80;0;0;0.00;0.00;0;0.00;;0;0.00
ENABLED;FRASE;la rueda del tiempo;PHRASE;CAMPAIGN_PAUSED;0.13;0.15;0.22;0.10;;5431;2;0.0004;0.40;0.20;0;0.00;;0;0.00
ENABLED;FRASE;la resistencia laura gallego;PHRASE;CAMPAIGN_PAUSED;;;;0.10;;120;0;0;0.00;0.00;0;0.00;;0;0.00
ENABLED;FRASE;la mision de rox laura gallego;PHRASE;CAMPAIGN_PAUSED;;;;0.10;;34;0;0;0.00;0.00;0;0.00;;0;0.00
ENABLED;FRASE;la leyenda del rey errante laura gallego;PHRASE;CAMPAIGN_PAUSED;0.12;0.12;0.14;0.10;;0;0;;0.00;0.00;0;0.00;;0;0.00
ENABLED;FRASE;la hija de la noche. laura gallego;PHRASE;CAMPAIGN_PAUSED;0.12;0.13;0.14;0.10;>95%;788;0;0;0.00;0.00;0;0.00;;0;0.00
ENABLED;FRASE;la hija de la noche laura gallego edebe;PHRASE;CAMPAIGN_PAUSED;;;;0.10;;0;0;;0.00;0.00;0;0.00;;0;0.00
ENABLED;FRASE;la hija de la noche laura gallego;PHRASE;CAMPAIGN_PAUSED;0.12;0.13;0.14;0.10;;309;0;0;0.00;0.00;0;0.00;;0;0.00
PAUSED;FRASE;la erupcion zafiro;PHRASE;CAMPAIGN_PAUSED;0.13;0.15;0.21;0.19;;10;4;0.4;0.11;0.03;1;15.99;0.0069;0;0.00
ENABLED;FRASE;la emperatriz de los etereos laura gallego;PHRASE;CAMPAIGN_PAUSED;;;;0.10;;39;0;0;0.00;0.00;0;0.00;;0;0.00
ENABLED;FRASE;la cancion de fuego y hielo;PHRASE;CAMPAIGN_PAUSED;;;;0.10;;8;0;0;0.00;0.00;0;0.00;;0;0.00
PAUSED;FRASE;kindle libros;PHRASE;CAMPAIGN_PAUSED;0.19;0.27;0.38;0.10;14705882352941100%;1990;5;0.0025;1.97;0.39;0;0.00;;0;0.00
ENABLED;FRASE;juvenil libros;PHRASE;CAMPAIGN_PAUSED;0.15;0.17;0.17;0.10;>95%;87;1;0.0115;0.19;0.19;0;0.00;;0;0.00
ENABLED;FRASE;juramentada brandon sanderson;PHRASE;CAMPAIGN_PAUSED;0.14;0.15;0.19;0.10;;147;0;0;0.00;0.00;0;0.00;;0;0.00
ENABLED;FRASE;juegos del hambre saga;PHRASE;CAMPAIGN_PAUSED;;;;0.19;>95%;23;0;0;0.00;0.00;0;0.00;;0;0.00
ENABLED;FRASE;juegos del hambre libro;PHRASE;CAMPAIGN_PAUSED;0.13;0.16;0.24;0.10;;0;0;;0.00;0.00;0;0.00;;0;0.00
ENABLED;FRASE;juego de tronos. canción de hielo y fuego;PHRASE;CAMPAIGN_PAUSED;0.12;0.13;0.15;0.10;;0;0;;0.00;0.00;0;0.00;;0;0.00
ENABLED;FRASE;juego de tronos vientos de invierno;PHRASE;CAMPAIGN_PAUSED;;;;0.10;;0;0;;0.00;0.00;0;0.00;;0;0.00
ENABLED;FRASE;juego de tronos libros pack español;PHRASE;CAMPAIGN_PAUSED;;;;0.10;;0;0;;0.00;0.00;0;0.00;;0;0.00
ENABLED;FRASE;juego de tronos libros español;PHRASE;CAMPAIGN_PAUSED;0.12;0.20;0.20;0.10;;6;0;0;0.00;0.00;0;0.00;;0;0.00
ENABLED;FRASE;juego de tronos libros;PHRASE;CAMPAIGN_PAUSED;0.13;0.14;0.20;0.10;;0;0;;0.00;0.00;0;0.00;;0;0.00
ENABLED;FRASE;juego de tronos libro;PHRASE;CAMPAIGN_PAUSED;0.13;0.14;0.20;0.10;;2767;4;0.0014;1.02;0.26;0;0.00;;0;0.00
ENABLED;FRASE;juego de tronos canción de hielo y fuego volumen 1;PHRASE;CAMPAIGN_PAUSED;;;;0.10;;0;0;;0.00;0.00;0;0.00;;0;0.00
ENABLED;FRASE;juego de tronos cancion hielo y fuego;PHRASE;CAMPAIGN_PAUSED;0.12;0.13;0.15;0.10;;0;0;;0.00;0.00;0;0.00;;0;0.00
ENABLED;FRASE;juego de tronos cancion de hielo y fuego 2;PHRASE;CAMPAIGN_PAUSED;;;;0.10;;0;0;;0.00;0.00;0;0.00;;0;0.00
ENABLED;FRASE;juego de tronos cancion de hielo y fuego 1;PHRASE;CAMPAIGN_PAUSED;0.12;0.13;0.15;0.10;;0;0;;0.00;0.00;0;0.00;;0;0.00
ENABLED;FRASE;juego de tronos cancion de hielo y fuego;PHRASE;CAMPAIGN_PAUSED;0.12;0.13;0.15;0.10;;0;0;;0.00;0.00;0;0.00;;0;0.00
PAUSED;FRASE;isaac asimov;PHRASE;CAMPAIGN_PAUSED;0.13;0.15;0.21;0.19;>95%;8687;3;0.0003;1.11;0.37;0;0.00;;0;0.00
ENABLED;FRASE;historias de terramar;PHRASE;CAMPAIGN_PAUSED;0.14;0.17;0.17;0.19;>95%;771;2;0.0026;0.21;0.11;0;0.00;;0;0.00
ENABLED;FRASE;harry potter libros;PHRASE;CAMPAIGN_PAUSED;0.14;0.17;0.34;0.10;1851851851851850%;9876;6;0.0006;1.60;0.27;0;0.00;;0;0.00
ENABLED;FRASE;geralt de rivia libros;PHRASE;CAMPAIGN_PAUSED;0.13;0.14;0.14;0.10;;161;0;0;0.00;0.00;0;0.00;;0;0.00
ENABLED;FRASE;geralt de rivia español;PHRASE;CAMPAIGN_PAUSED;;;;0.10;;19;0;0;0.00;0.00;0;0.00;;0;0.00
ENABLED;FRASE;geralt de rivia;PHRASE;CAMPAIGN_PAUSED;0.13;0.15;0.19;0.10;;4459;0;0;0.00;0.00;0;0.00;;0;0.00
ENABLED;FRASE;george rr martin cancion de hielo y fuego;PHRASE;CAMPAIGN_PAUSED;;;;0.10;;0;0;;0.00;0.00;0;0.00;;0;0.00
ENABLED;FRASE;george r r martin canción de hielo y fuego;PHRASE;CAMPAIGN_PAUSED;;;;0.10;;0;0;;0.00;0.00;0;0.00;;0;0.00
ENABLED;FRASE;george r r martin cancion de hielo y fuego;PHRASE;CAMPAIGN_PAUSED;;;;0.10;;0;0;;0.00;0.00;0;0.00;;0;0.00
ENABLED;FRASE;firefight brandon sanderson;PHRASE;CAMPAIGN_PAUSED;;;;0.10;;12;0;0;0.00;0.00;0;0.00;;0;0.00
ENABLED;FRASE;finish mundi laura gallego;PHRASE;CAMPAIGN_PAUSED;;;;0.10;>95%;890;0;0;0.00;0.00;0;0.00;;0;0.00
ENABLED;FRASE;finis mundi laura gallego sm;PHRASE;CAMPAIGN_PAUSED;;;;0.10;;0;0;;0.00;0.00;0;0.00;;0;0.00
ENABLED;FRASE;finis mundi laura gallego garcia barco de vapor;PHRASE;CAMPAIGN_PAUSED;;;;0.10;;0;0;;0.00;0.00;0;0.00;;0;0.00
ENABLED;FRASE;finis mundi laura gallego garcia;PHRASE;CAMPAIGN_PAUSED;;;;0.10;;0;0;;0.00;0.00;0;0.00;;0;0.00
ENABLED;FRASE;finis mundi laura gallego editorial sm;PHRASE;CAMPAIGN_PAUSED;;;;0.10;;0;0;;0.00;0.00;0;0.00;;0;0.00
ENABLED;FRASE;finis mundi laura gallego;PHRASE;CAMPAIGN_PAUSED;0.12;0.13;0.20;0.10;;0;0;;0.00;0.00;0;0.00;;0;0.00
ENABLED;FRASE;finis mundi de laura gallego;PHRASE;CAMPAIGN_PAUSED;0.12;0.13;0.20;0.10;>95%;5113;4;0.0008;1.27;0.32;0;0.00;;0;0.00
ENABLED;FRASE;fantasia juvenil;PHRASE;CAMPAIGN_PAUSED;0.17;0.20;0.30;0.19;5882352941176470%;316;0;0;0.00;0.00;0;0.00;;0;0.00
ENABLED;FRASE;fantasia epica espanol;PHRASE;CAMPAIGN_PAUSED;;;;0.19;;0;0;;0.00;0.00;0;0.00;;0;0.00
ENABLED;FRASE;fantasia epica;PHRASE;CAMPAIGN_PAUSED;0.15;0.18;0.36;0.10;;152;1;0.0066;0.13;0.13;0;0.00;;0;0.00
ENABLED;FRASE;estuche canción de hielo y fuego;PHRASE;CAMPAIGN_PAUSED;;;;0.10;;0;0;;0.00;0.00;0;0.00;;0;0.00
ENABLED;FRASE;estuche cancion de hielo y fuego omnium;PHRASE;CAMPAIGN_PAUSED;;;;0.10;;0;0;;0.00;0.00;0;0.00;;0;0.00
ENABLED;FRASE;estuche cancion de hielo y fuego;PHRASE;CAMPAIGN_PAUSED;;;;0.10;;0;0;;0.00;0.00;0;0.00;;0;0.00
ENABLED;FRASE;escuadrón brandon sanderson;PHRASE;CAMPAIGN_PAUSED;0.12;0.14;0.16;0.10;;928;0;0;0.00;0.00;0;0.00;;0;0.00
ENABLED;FRASE;escuadron brandon sanderson;PHRASE;CAMPAIGN_PAUSED;0.12;0.14;0.16;0.10;;0;0;;0.00;0.00;0;0.00;;0;0.00
ENABLED;FRASE;en el nombre del viento tapa dura;PHRASE;CAMPAIGN_PAUSED;;;;0.10;;0;0;;0.00;0.00;0;0.00;;0;0.00
ENABLED;FRASE;en el nombre del viento;PHRASE;CAMPAIGN_PAUSED;0.13;0.14;0.20;0.10;;932;1;0.0011;0.25;0.25;0;0.00;;0;0.00
PAUSED;FRASE;elige tu propia aventura libros 10 años;PHRASE;CAMPAIGN_PAUSED;;;;0.10;;0;0;;0.00;0.00;0;0.00;;0;0.00
ENABLED;FRASE;elantris brandon sanderson;PHRASE;CAMPAIGN_PAUSED;0.14;0.17;0.24;0.10;;6;0;0;0.00;0.00;0;0.00;;0;0.00
ENABLED;FRASE;el valle de los lobos laura gallego sm;PHRASE;CAMPAIGN_PAUSED;0.12;0.13;0.18;0.10;;0;0;;0.00;0.00;0;0.00;;0;0.00
ENABLED;FRASE;el valle de los lobos laura gallego;PHRASE;CAMPAIGN_PAUSED;0.13;0.16;0.18;0.10;;0;0;;0.00;0.00;0;0.00;;0;0.00
ENABLED;FRASE;el valle de los lobos de laura gallego;PHRASE;CAMPAIGN_PAUSED;0.13;0.16;0.18;0.10;;224;0;0;0.00;0.00;0;0.00;;0;0.00
ENABLED;FRASE;el valle de los lobos 2 laura gallego;PHRASE;CAMPAIGN_PAUSED;;;;0.10;;0;0;;0.00;0.00;0;0.00;;0;0.00
ENABLED;FRASE;el trono de cristal;PHRASE;CAMPAIGN_PAUSED;0.13;0.14;0.20;0.10;>95%;81935;59;0.0007;11.53;0.20;2;18.87;0.611;0;0.00
ENABLED;FRASE;el señor de los anillos libros;PHRASE;CAMPAIGN_PAUSED;0.12;0.14;0.22;0.10;;4162;0;0;0.00;0.00;0;0.00;;0;0.00
ENABLED;FRASE;el secreto de xein laura gallego;PHRASE;CAMPAIGN_PAUSED;;;;0.10;;8;0;0;0.00;0.00;0;0.00;;0;0.00
ENABLED;FRASE;el principe cruel;PHRASE;CAMPAIGN_PAUSED;0.12;0.13;0.20;0.19;>95%;4162;2;0.0005;0.34;0.17;0;0.00;;0;0.00
ENABLED;FRASE;el nombre del viento x aniversario;PHRASE;CAMPAIGN_PAUSED;;;;0.10;;0;0;;0.00;0.00;0;0.00;;0;0.00
ENABLED;FRASE;el nombre del viento trilogia;PHRASE;CAMPAIGN_PAUSED;0.13;0.15;0.15;0.10;;10;0;0;0.00;0.00;0;0.00;;0;0.00
ENABLED;FRASE;el nombre del viento tapa dura;PHRASE;CAMPAIGN_PAUSED;;;;0.10;;111;0;0;0.00;0.00;0;0.00;;0;0.00
ENABLED;FRASE;el nombre del viento patrick rothfuss;PHRASE;CAMPAIGN_PAUSED;;;;0.10;;3;0;0;0.00;0.00;0;0.00;;0;0.00
ENABLED;FRASE;el nombre del viento pack;PHRASE;CAMPAIGN_PAUSED;;;;0.10;;0;0;;0.00;0.00;0;0.00;;0;0.00
ENABLED;FRASE;el nombre del viento libro en español;PHRASE;CAMPAIGN_PAUSED;;;;0.10;;0;0;;0.00;0.00;0;0.00;;0;0.00
ENABLED;FRASE;el nombre del viento libro;PHRASE;CAMPAIGN_PAUSED;;;;0.10;;0;0;;0.00;0.00;0;0.00;;0;0.00
ENABLED;FRASE;el nombre del viento kindle;PHRASE;CAMPAIGN_PAUSED;;;;0.10;;0;0;;0.00;0.00;0;0.00;;0;0.00
ENABLED;FRASE;el nombre del viento español;PHRASE;CAMPAIGN_PAUSED;;;;0.10;;0;0;;0.00;0.00;0;0.00;;0;0.00
ENABLED;FRASE;el nombre del viento edicion especial;PHRASE;CAMPAIGN_PAUSED;0.13;0.16;0.16;0.10;;0;0;;0.00;0.00;0;0.00;;0;0.00
ENABLED;FRASE;el nombre del viento ebook;PHRASE;CAMPAIGN_PAUSED;;;;0.10;;0;0;;0.00;0.00;0;0.00;;0;0.00
ENABLED;FRASE;el nombre del viento bolsillo;PHRASE;CAMPAIGN_PAUSED;0.12;0.14;0.16;0.10;;0;0;;0.00;0.00;0;0.00;;0;0.00
ENABLED;FRASE;el nombre del viento best seller;PHRASE;CAMPAIGN_PAUSED;;;;0.10;;0;0;;0.00;0.00;0;0.00;;0;0.00
ENABLED;FRASE;el nombre del viento audiolibro;PHRASE;CAMPAIGN_PAUSED;;;;0.10;;0;0;;0.00;0.00;0;0.00;;0;0.00
ENABLED;FRASE;el nombre del viento aniversario;PHRASE;CAMPAIGN_PAUSED;;;;0.10;;0;0;;0.00;0.00;0;0.00;;0;0.00
ENABLED;FRASE;el nombre del viento 3;PHRASE;CAMPAIGN_PAUSED;0.12;0.16;0.16;0.10;;16;0;0;0.00;0.00;0;0.00;;0;0.00
ENABLED;FRASE;el nombre del viento 2;PHRASE;CAMPAIGN_PAUSED;0.13;0.16;0.16;0.10;;3;0;0;0.00;0.00;0;0.00;;0;0.00
PAUSED;FRASE;el nombre del viento 10 aniversario;PHRASE;CAMPAIGN_PAUSED;;;;0.10;;3;0;0;0.00;0.00;0;0.00;;0;0.00
ENABLED;FRASE;el nombre del viento;PHRASE;CAMPAIGN_PAUSED;0.13;0.14;0.20;0.10;;0;0;;0.00;0.00;0;0.00;;0;0.00
ENABLED;FRASE;el mundo de cancion de hielo y fuego;PHRASE;CAMPAIGN_PAUSED;;;;0.10;;0;0;;0.00;0.00;0;0.00;;0;0.00
ENABLED;FRASE;el libro de los portales laura gallego;PHRASE;CAMPAIGN_PAUSED;0.13;0.15;0.15;0.10;>95%;14;0;0;0.00;0.00;0;0.00;;0;0.00
ENABLED;FRASE;el imperio final brandon sanderson;PHRASE;CAMPAIGN_PAUSED;0.12;0.13;0.13;0.10;;24;0;0;0.00;0.00;0;0.00;;0;0.00
ENABLED;FRASE;el elfo laura gallego;PHRASE;CAMPAIGN_PAUSED;;;;0.10;;5;0;0;0.00;0.00;0;0.00;;0;0.00
ENABLED;FRASE;el coleccionista de relojes extraordinarios laura gallego;PHRASE;CAMPAIGN_PAUSED;;;;0.10;;0;0;;0.00;0.00;0;0.00;;0;0.00
ENABLED;FRASE;el camino de los reyes brandon sanderson;PHRASE;CAMPAIGN_PAUSED;0.15;0.16;0.18;0.10;;76;0;0;0.00;0.00;0;0.00;;0;0.00
ENABLED;FRASE;el camino de los reyes;PHRASE;CAMPAIGN_PAUSED;0.13;0.14;0.19;0.19;;3081;1;0.0003;0.34;0.34;0;0.00;;0;0.00
ENABLED;FRASE;el bestiario de axlin laura gallego;PHRASE;CAMPAIGN_PAUSED;;;;0.10;;5;0;0;0.00;0.00;0;0.00;;0;0.00
ENABLED;FRASE;el archivo de las tormentas saga;PHRASE;CAMPAIGN_PAUSED;;;;0.10;;0;0;;0.00;0.00;0;0.00;;0;0.00
ENABLED;FRASE;el archivo de las tormentas brandon sanderson;PHRASE;CAMPAIGN_PAUSED;;;;0.10;;2;0;0;0.00;0.00;0;0.00;;0;0.00
ENABLED;FRASE;el archivo de las tormentas;PHRASE;CAMPAIGN_PAUSED;0.13;0.16;0.22;0.19;;0;0;;0.00;0.00;0;0.00;;0;0.00
ENABLED;FRASE;dune coleccion completa;PHRASE;CAMPAIGN_PAUSED;;;;0.19;;2;0;0;0.00;0.00;0;0.00;;0;0.00
ENABLED;FRASE;drizzt;PHRASE;CAMPAIGN_PAUSED;0.14;0.16;0.21;0.10;;496;1;0.002;0.42;0.42;0;0.00;;0;0.00
ENABLED;FRASE;dos velas para el diablo laura gallego;PHRASE;CAMPAIGN_PAUSED;0.13;0.14;0.15;0.10;;0;0;;0.00;0.00;0;0.00;;0;0.00
ENABLED;FRASE;donde los arboles cantan laura gallego;PHRASE;CAMPAIGN_PAUSED;0.12;0.17;0.17;0.10;;1501;1;0.0007;0.23;0.23;0;0.00;;0;0.00
ENABLED;FRASE;cuando me veas laura gallego;PHRASE;CAMPAIGN_PAUSED;0.12;0.13;0.17;0.10;;305;0;0;0.00;0.00;0;0.00;;0;0.00
ENABLED;FRASE;cronicas del asesino de reyes;PHRASE;CAMPAIGN_PAUSED;0.13;0.13;0.24;0.10;;71;0;0;0.00;0.00;0;0.00;;0;0.00
ENABLED;FRASE;cronicas de la torre laura gallego;PHRASE;CAMPAIGN_PAUSED;;;;0.10;;12;0;0;0.00;0.00;0;0.00;;0;0.00
ENABLED;FRASE;cronica del asesino de reyes;PHRASE;CAMPAIGN_PAUSED;0.13;0.13;0.24;0.19;;9;0;0;0.00;0.00;0;0.00;;0;0.00
ENABLED;FRASE;comic laura gallego;PHRASE;CAMPAIGN_PAUSED;;;;0.10;;3;1;0.3333;0.08;0.08;0;0.00;;0;0.00
ENABLED;FRASE;colección canción de hielo y fuego;PHRASE;CAMPAIGN_PAUSED;;;;0.10;;0;0;;0.00;0.00;0;0.00;;0;0.00
ENABLED;FRASE;coleccion libros harry potter español;PHRASE;CAMPAIGN_PAUSED;0.16;0.19;0.38;0.10;;0;0;;0.00;0.00;0;0.00;;0;0.00
ENABLED;FRASE;coleccion libros harry potter;PHRASE;CAMPAIGN_PAUSED;0.14;0.18;0.25;0.10;;345;0;0;0.00;0.00;0;0.00;;0;0.00
ENABLED;FRASE;coleccion libros cancion de hielo y fuego;PHRASE;CAMPAIGN_PAUSED;;;;0.10;;0;0;;0.00;0.00;0;0.00;;0;0.00
ENABLED;FRASE;coleccion harry potter libros español;PHRASE;CAMPAIGN_PAUSED;;;;0.10;;0;0;;0.00;0.00;0;0.00;;0;0.00
ENABLED;FRASE;coleccion cancion de hielo y fuego;PHRASE;CAMPAIGN_PAUSED;;;;0.10;;0;0;;0.00;0.00;0;0.00;;0;0.00
ENABLED;FRASE;cazadores de sombras renacimiento;PHRASE;CAMPAIGN_PAUSED;0.12;0.17;0.17;0.19;;411;0;0;0.00;0.00;0;0.00;;0;0.00
ENABLED;FRASE;cazadores de sombras;PHRASE;CAMPAIGN_PAUSED;0.13;0.14;0.22;0.19;>95%;7293;5;0.0007;5.58;1.12;0;0.00;;0;0.00
ENABLED;FRASE;casandra claire;PHRASE;CAMPAIGN_PAUSED;;;;0.19;;2360;1;0.0004;0.31;0.31;0;0.00;;0;0.00
ENABLED;FRASE;canción de hielo y fuego tapa dura;PHRASE;CAMPAIGN_PAUSED;;;;0.10;;0;0;;0.00;0.00;0;0.00;;0;0.00
ENABLED;FRASE;canción de hielo y fuego pack;PHRASE;CAMPAIGN_PAUSED;0.12;0.13;0.13;0.10;;0;0;;0.00;0.00;0;0.00;;0;0.00
ENABLED;FRASE;canción de hielo y fuego juego de tronos tapa dura;PHRASE;CAMPAIGN_PAUSED;;;;0.10;;0;0;;0.00;0.00;0;0.00;;0;0.00
ENABLED;FRASE;canción de hielo y fuego juego de tronos 1;PHRASE;CAMPAIGN_PAUSED;;;;0.10;;0;0;;0.00;0.00;0;0.00;;0;0.00
ENABLED;FRASE;canción de hielo y fuego juego de tronos;PHRASE;CAMPAIGN_PAUSED;0.12;0.13;0.13;0.10;;0;0;;0.00;0.00;0;0.00;;0;0.00
ENABLED;FRASE;canción de hielo y fuego coleccion;PHRASE;CAMPAIGN_PAUSED;0.13;0.19;0.19;0.10;;24;0;0;0.00;0.00;0;0.00;;0;0.00
ENABLED;FRASE;canción de hielo y fuego 3;PHRASE;CAMPAIGN_PAUSED;0.13;0.14;0.16;0.10;;17;0;0;0.00;0.00;0;0.00;;0;0.00
ENABLED;FRASE;canción de hielo y fuego 2;PHRASE;CAMPAIGN_PAUSED;;;;0.10;;32;0;0;0.00;0.00;0;0.00;;0;0.00
ENABLED;FRASE;canción de hielo y fuego 1;PHRASE;CAMPAIGN_PAUSED;0.13;0.14;0.25;0.10;;67;0;0;0.00;0.00;0;0.00;;0;0.00
ENABLED;FRASE;canción de hielo y fuego;PHRASE;CAMPAIGN_PAUSED;0.13;0.15;0.19;0.10;;0;0;;0.00;0.00;0;0.00;;0;0.00
ENABLED;FRASE;canción de fuego y hielo;PHRASE;CAMPAIGN_PAUSED;;;;0.10;;7;0;0;0.00;0.00;0;0.00;;0;0.00
ENABLED;FRASE;cancion de hielo y fuego tormenta de espadas;PHRASE;CAMPAIGN_PAUSED;;;;0.10;;0;0;;0.00;0.00;0;0.00;;0;0.00
ENABLED;FRASE;cancion de hielo y fuego tapa dura;PHRASE;CAMPAIGN_PAUSED;;;;0.10;;0;0;;0.00;0.00;0;0.00;;0;0.00
ENABLED;FRASE;cancion de hielo y fuego tapa blanda;PHRASE;CAMPAIGN_PAUSED;;;;0.10;;0;0;;0.00;0.00;0;0.00;;0;0.00
ENABLED;FRASE;cancion de hielo y fuego set;PHRASE;CAMPAIGN_PAUSED;;;;0.10;;0;0;;0.00;0.00;0;0.00;;0;0.00
ENABLED;FRASE;cancion de hielo y fuego saga completa;PHRASE;CAMPAIGN_PAUSED;;;;0.10;;0;0;;0.00;0.00;0;0.00;;0;0.00
ENABLED;FRASE;cancion de hielo y fuego saga;PHRASE;CAMPAIGN_PAUSED;;;;0.10;;5;0;0;0.00;0.00;0;0.00;;0;0.00
ENABLED;FRASE;cancion de hielo y fuego rustica;PHRASE;CAMPAIGN_PAUSED;;;;0.10;;0;0;;0.00;0.00;0;0.00;;0;0.00
ENABLED;FRASE;cancion de hielo y fuego rol;PHRASE;CAMPAIGN_PAUSED;;;;0.10;;1;0;0;0.00;0.00;0;0.00;;0;0.00
ENABLED;FRASE;cancion de hielo y fuego pack español;PHRASE;CAMPAIGN_PAUSED;;;;0.10;;0;0;;0.00;0.00;0;0.00;;0;0.00
ENABLED;FRASE;cancion de hielo y fuego pack;PHRASE;CAMPAIGN_PAUSED;0.12;0.13;0.13;0.10;;1;0;0;0.00;0.00;0;0.00;;0;0.00
ENABLED;FRASE;cancion de hielo y fuego omnium;PHRASE;CAMPAIGN_PAUSED;;;;0.10;;5;0;0;0.00;0.00;0;0.00;;0;0.00
ENABLED;FRASE;cancion de hielo y fuego miniaturas;PHRASE;CAMPAIGN_PAUSED;0.13;0.13;0.16;0.10;>95%;11;0;0;0.00;0.00;0;0.00;;0;0.00
ENABLED;FRASE;cancion de hielo y fuego libros;PHRASE;CAMPAIGN_PAUSED;0.12;0.17;0.17;0.10;;19;0;0;0.00;0.00;0;0.00;;0;0.00
ENABLED;FRASE;cancion de hielo y fuego kindle;PHRASE;CAMPAIGN_PAUSED;;;;0.10;;16;0;0;0.00;0.00;0;0.00;;0;0.00
ENABLED;FRASE;cancion de hielo y fuego juego de tronos tapa dura;PHRASE;CAMPAIGN_PAUSED;;;;0.10;;0;0;;0.00;0.00;0;0.00;;0;0.00
ENABLED;FRASE;cancion de hielo y fuego juego de tronos;PHRASE;CAMPAIGN_PAUSED;0.12;0.13;0.13;0.10;;0;0;;0.00;0.00;0;0.00;;0;0.00
ENABLED;FRASE;cancion de hielo y fuego juego de mesa;PHRASE;CAMPAIGN_PAUSED;;;;0.10;;0;0;;0.00;0.00;0;0.00;;0;0.00
ENABLED;FRASE;cancion de hielo y fuego ilustrado;PHRASE;CAMPAIGN_PAUSED;;;;0.10;;1;0;0;0.00;0.00;0;0.00;;0;0.00
ENABLED;FRASE;cancion de hielo y fuego estuche;PHRASE;CAMPAIGN_PAUSED;;;;0.10;;0;0;;0.00;0.00;0;0.00;;0;0.00
ENABLED;FRASE;cancion de hielo y fuego español;PHRASE;CAMPAIGN_PAUSED;;;;0.10;;19;0;0;0.00;0.00;0;0.00;;0;0.00
ENABLED;FRASE;cancion de hielo y fuego de bolsillo;PHRASE;CAMPAIGN_PAUSED;;;;0.10;;0;0;;0.00;0.00;0;0.00;;0;0.00
ENABLED;FRASE;cancion de hielo y fuego danza de dragones;PHRASE;CAMPAIGN_PAUSED;;;;0.10;;0;0;;0.00;0.00;0;0.00;;0;0.00
ENABLED;FRASE;cancion de hielo y fuego completa;PHRASE;CAMPAIGN_PAUSED;;;;0.10;;0;0;;0.00;0.00;0;0.00;;0;0.00
ENABLED;FRASE;cancion de hielo y fuego coleccion completa tapa dura;PHRASE;CAMPAIGN_PAUSED;;;;0.10;;0;0;;0.00;0.00;0;0.00;;0;0.00
ENABLED;FRASE;cancion de hielo y fuego coleccion completa español;PHRASE;CAMPAIGN_PAUSED;;;;0.10;;0;0;;0.00;0.00;0;0.00;;0;0.00
ENABLED;FRASE;cancion de hielo y fuego coleccion completa;PHRASE;CAMPAIGN_PAUSED;0.13;0.19;0.19;0.10;;0;0;;0.00;0.00;0;0.00;;0;0.00
ENABLED;FRASE;cancion de hielo y fuego coleccion;PHRASE;CAMPAIGN_PAUSED;0.13;0.19;0.19;0.10;;0;0;;0.00;0.00;0;0.00;;0;0.00
ENABLED;FRASE;cancion de hielo y fuego choque de reyes;PHRASE;CAMPAIGN_PAUSED;;;;0.10;;0;0;;0.00;0.00;0;0.00;;0;0.00
ENABLED;FRASE;cancion de hielo y fuego box;PHRASE;CAMPAIGN_PAUSED;;;;0.10;;0;0;;0.00;0.00;0;0.00;;0;0.00
ENABLED;FRASE;cancion de hielo y fuego bolsillo;PHRASE;CAMPAIGN_PAUSED;;;;0.10;;1;0;0;0.00;0.00;0;0.00;;0;0.00
ENABLED;FRASE;cancion de hielo y fuego 6;PHRASE;CAMPAIGN_PAUSED;;;;0.10;;0;0;;0.00;0.00;0;0.00;;0;0.00
ENABLED;FRASE;cancion de hielo y fuego 5;PHRASE;CAMPAIGN_PAUSED;;;;0.10;;7;0;0;0.00;0.00;0;0.00;;0;0.00
ENABLED;FRASE;cancion de hielo y fuego 4;PHRASE;CAMPAIGN_PAUSED;;;;0.10;;7;0;0;0.00;0.00;0;0.00;;0;0.00
ENABLED;FRASE;cancion de hielo y fuego 3;PHRASE;CAMPAIGN_PAUSED;0.13;0.14;0.16;0.10;;0;0;;0.00;0.00;0;0.00;;0;0.00
ENABLED;FRASE;cancion de hielo y fuego 2;PHRASE;CAMPAIGN_PAUSED;;;;0.10;;0;0;;0.00;0.00;0;0.00;;0;0.00
ENABLED;FRASE;cancion de hielo y fuego 1 tapa dura;PHRASE;CAMPAIGN_PAUSED;;;;0.10;;0;0;;0.00;0.00;0;0.00;;0;0.00
ENABLED;FRASE;cancion de hielo y fuego 1;PHRASE;CAMPAIGN_PAUSED;0.13;0.14;0.25;0.10;;0;0;;0.00;0.00;0;0.00;;0;0.00
ENABLED;FRASE;cancion de hielo y fuego;PHRASE;CAMPAIGN_PAUSED;0.13;0.15;0.19;0.10;;1840;0;0;0.00;0.00;0;0.00;;0;0.00
ENABLED;FRASE;cancion de fuego y hielo pack;PHRASE;CAMPAIGN_PAUSED;;;;0.10;;0;0;;0.00;0.00;0;0.00;;0;0.00
ENABLED;FRASE;cancion de fuego y hielo 6;PHRASE;CAMPAIGN_PAUSED;;;;0.10;;0;0;;0.00;0.00;0;0.00;;0;0.00
ENABLED;FRASE;cancion de fuego y hielo 5;PHRASE;CAMPAIGN_PAUSED;;;;0.10;;0;0;;0.00;0.00;0;0.00;;0;0.00
ENABLED;FRASE;cancion de fuego y hielo 4;PHRASE;CAMPAIGN_PAUSED;;;;0.10;;0;0;;0.00;0.00;0;0.00;;0;0.00
ENABLED;FRASE;cancion de fuego y hielo 3;PHRASE;CAMPAIGN_PAUSED;;;;0.10;;3;0;0;0.00;0.00;0;0.00;;0;0.00
ENABLED;FRASE;cancion de fuego y hielo 1;PHRASE;CAMPAIGN_PAUSED;;;;0.10;;1;0;0;0.00;0.00;0;0.00;;0;0.00
ENABLED;FRASE;cancion de fuego y hielo;PHRASE;CAMPAIGN_PAUSED;;;;0.10;;0;0;;0.00;0.00;0;0.00;;0;0.00
ENABLED;FRASE;calamity brandon sanderson español;PHRASE;CAMPAIGN_PAUSED;;;;0.10;;0;0;;0.00;0.00;0;0.00;;0;0.00
ENABLED;FRASE;calamity brandon sanderson;PHRASE;CAMPAIGN_PAUSED;;;;0.10;;26;0;0;0.00;0.00;0;0.00;;0;0.00
ENABLED;FRASE;brandon sanderson way of kings;PHRASE;CAMPAIGN_PAUSED;;;;0.10;;0;0;;0.00;0.00;0;0.00;;0;0.00
ENABLED;FRASE;brandon sanderson warbreaker;PHRASE;CAMPAIGN_PAUSED;0.13;0.13;0.14;0.10;;0;0;;0.00;0.00;0;0.00;;0;0.00
ENABLED;FRASE;brandon sanderson the way of kings;PHRASE;CAMPAIGN_PAUSED;0.12;0.12;0.14;0.10;;0;0;;0.00;0.00;0;0.00;;0;0.00
ENABLED;FRASE;brandon sanderson t shirt;PHRASE;CAMPAIGN_PAUSED;;;;0.10;;2;0;0;0.00;0.00;0;0.00;;0;0.00
ENABLED;FRASE;brandon sanderson stormlight archive;PHRASE;CAMPAIGN_PAUSED;;;;0.10;;10;0;0;0.00;0.00;0;0.00;;0;0.00
ENABLED;FRASE;brandon sanderson stormlight;PHRASE;CAMPAIGN_PAUSED;;;;0.10;;1;0;0;0.00;0.00;0;0.00;;0;0.00
ENABLED;FRASE;brandon sanderson steelheart;PHRASE;CAMPAIGN_PAUSED;;;;0.10;;7;0;0;0.00;0.00;0;0.00;;0;0.00
ENABLED;FRASE;brandon sanderson skyward;PHRASE;CAMPAIGN_PAUSED;0.12;0.13;0.15;0.10;;48;0;0;0.00;0.00;0;0.00;;0;0.00
ENABLED;FRASE;brandon sanderson reckoners;PHRASE;CAMPAIGN_PAUSED;;;;0.10;;6;0;0;0.00;0.00;0;0.00;;0;0.00
ENABLED;FRASE;brandon sanderson palabras radiantes;PHRASE;CAMPAIGN_PAUSED;;;;0.10;;0;0;;0.00;0.00;0;0.00;;0;0.00
ENABLED;FRASE;brandon sanderson oathbringer;PHRASE;CAMPAIGN_PAUSED;;;;0.10;;0;0;;0.00;0.00;0;0.00;;0;0.00
ENABLED;FRASE;brandon sanderson nacidos de la bruma 3;PHRASE;CAMPAIGN_PAUSED;;;;0.10;;0;0;;0.00;0.00;0;0.00;;0;0.00
ENABLED;FRASE;brandon sanderson nacidos de la bruma 1;PHRASE;CAMPAIGN_PAUSED;;;;0.10;;0;0;;0.00;0.00;0;0.00;;0;0.00
ENABLED;FRASE;brandon sanderson nacidos de la bruma;PHRASE;CAMPAIGN_PAUSED;0.13;0.15;0.23;0.10;;51;0;0;0.00;0.00;0;0.00;;0;0.00
ENABLED;FRASE;brandon sanderson mistborn trilogy;PHRASE;CAMPAIGN_PAUSED;;;;0.10;;1;0;0;0.00;0.00;0;0.00;;0;0.00
ENABLED;FRASE;brandon sanderson mistborn 2;PHRASE;CAMPAIGN_PAUSED;;;;0.10;;0;0;;0.00;0.00;0;0.00;;0;0.00
ENABLED;FRASE;brandon sanderson mistborn 1;PHRASE;CAMPAIGN_PAUSED;;;;0.10;;0;0;;0.00;0.00;0;0.00;;0;0.00
ENABLED;FRASE;brandon sanderson mistborn;PHRASE;CAMPAIGN_PAUSED;0.13;0.17;0.26;0.10;;38;0;0;0.00;0.00;0;0.00;;0;0.00
ENABLED;FRASE;brandon sanderson legion;PHRASE;CAMPAIGN_PAUSED;;;;0.10;;3;0;0;0.00;0.00;0;0.00;;0;0.00
ENABLED;FRASE;brandon sanderson la rueda del tiempo;PHRASE;CAMPAIGN_PAUSED;;;;0.10;;0;0;;0.00;0.00;0;0.00;;0;0.00
ENABLED;FRASE;brandon sanderson kindle;PHRASE;CAMPAIGN_PAUSED;0.17;0.20;0.29;0.10;;8;0;0;0.00;0.00;0;0.00;;0;0.00
ENABLED;FRASE;brandon sanderson juramentada;PHRASE;CAMPAIGN_PAUSED;0.12;0.18;0.18;0.10;;1;0;0;0.00;0.00;0;0.00;;0;0.00
ENABLED;FRASE;brandon sanderson imperio final;PHRASE;CAMPAIGN_PAUSED;0.14;0.16;0.16;0.10;;3;0;0;0.00;0.00;0;0.00;;0;0.00
ENABLED;FRASE;brandon sanderson español;PHRASE;CAMPAIGN_PAUSED;0.18;0.28;0.28;0.10;;0;0;;0.00;0.00;0;0.00;;0;0.00
ENABLED;FRASE;brandon sanderson escuadrón;PHRASE;CAMPAIGN_PAUSED;;;;0.10;;5;0;0;0.00;0.00;0;0.00;;0;0.00
ENABLED;FRASE;brandon sanderson escuadron;PHRASE;CAMPAIGN_PAUSED;;;;0.10;;323;0;0;0.00;0.00;0;0.00;;0;0.00
ENABLED;FRASE;brandon sanderson en español;PHRASE;CAMPAIGN_PAUSED;0.18;0.28;0.28;0.10;;19;0;0;0.00;0.00;0;0.00;;0;0.00
ENABLED;FRASE;brandon sanderson elantris;PHRASE;CAMPAIGN_PAUSED;0.12;0.12;0.13;0.10;;4;0;0;0.00;0.00;0;0.00;;0;0.00
ENABLED;FRASE;brandon sanderson el imperio final;PHRASE;CAMPAIGN_PAUSED;0.14;0.16;0.16;0.10;;0;0;;0.00;0.00;0;0.00;;0;0.00
ENABLED;FRASE;brandon sanderson el camino de los reyes;PHRASE;CAMPAIGN_PAUSED;0.15;0.17;0.31;0.10;;31;0;0;0.00;0.00;0;0.00;;0;0.00
ENABLED;FRASE;brandon sanderson el archivo de las tormentas;PHRASE;CAMPAIGN_PAUSED;0.15;0.19;0.27;0.10;;92;0;0;0.00;0.00;0;0.00;;0;0.00
ENABLED;FRASE;brandon sanderson ebook;PHRASE;CAMPAIGN_PAUSED;;;;0.10;;4;0;0;0.00;0.00;0;0.00;;0;0.00
ENABLED;FRASE;brandon sanderson cosmere;PHRASE;CAMPAIGN_PAUSED;;;;0.10;;2;0;0;0.00;0.00;0;0.00;;0;0.00
ENABLED;FRASE;brandon sanderson calamity;PHRASE;CAMPAIGN_PAUSED;;;;0.10;;3;0;0;0.00;0.00;0;0.00;;0;0.00
ENABLED;FRASE;brandon sanderson box set;PHRASE;CAMPAIGN_PAUSED;0.12;0.13;0.13;0.10;;4;0;0;0.00;0.00;0;0.00;;0;0.00
ENABLED;FRASE;brandon sanderson arena blanca;PHRASE;CAMPAIGN_PAUSED;0.13;0.26;0.26;0.10;;1;0;0;0.00;0.00;0;0.00;;0;0.00
ENABLED;FRASE;brandon sanderson archivo de las tormentas;PHRASE;CAMPAIGN_PAUSED;0.15;0.19;0.27;0.10;;5;0;0;0.00;0.00;0;0.00;;0;0.00
ENABLED;FRASE;brandon sanderson aleacion de ley;PHRASE;CAMPAIGN_PAUSED;;;;0.10;;3;0;0;0.00;0.00;0;0.00;;0;0.00
ENABLED;FRASE;brandon sanderson alcatraz;PHRASE;CAMPAIGN_PAUSED;0.16;0.33;0.33;0.10;;74;0;0;0.00;0.00;0;0.00;;0;0.00
ENABLED;FRASE;brandon sanderson;PHRASE;CAMPAIGN_PAUSED;0.15;0.19;0.30;0.10;;22166;24;0.0011;6.66;0.28;1;15.99;0.4165;0;0.00
ENABLED;FRASE;bestsellers libros;PHRASE;CAMPAIGN_PAUSED;0.21;0.22;0.23;0.10;;325;0;0;0.00;0.00;0;0.00;;0;0.00
ENABLED;FRASE;benito taibo javier ruescas laura gallego;PHRASE;CAMPAIGN_PAUSED;;;;0.10;;0;0;;0.00;0.00;0;0.00;;0;0.00
ENABLED;FRASE;baraja el nombre del viento;PHRASE;CAMPAIGN_PAUSED;;;;0.10;;0;0;;0.00;0.00;0;0.00;;0;0.00
ENABLED;FRASE;arena blanca brandon sanderson;PHRASE;CAMPAIGN_PAUSED;0.12;0.22;0.22;0.10;;47;0;0;0.00;0.00;0;0.00;;0;0.00
ENABLED;FRASE;archivo de tormes tormentas;PHRASE;CAMPAIGN_PAUSED;;;;0.10;;0;0;;0.00;0.00;0;0.00;;0;0.00
ENABLED;FRASE;archivo de tormentas;PHRASE;CAMPAIGN_PAUSED;0.13;0.16;0.22;0.19;;910;0;0;0.00;0.00;0;0.00;;0;0.00
ENABLED;FRASE;archivo de las tormentas;PHRASE;CAMPAIGN_PAUSED;0.13;0.16;0.22;0.10;;1040;0;0;0.00;0.00;0;0.00;;0;0.00
ENABLED;FRASE;arcanum ilimitado brandon sanderson;PHRASE;CAMPAIGN_PAUSED;0.13;0.14;0.15;0.10;;0;0;;0.00;0.00;0;0.00;;0;0.00
ENABLED;FRASE;amazon libros;PHRASE;CAMPAIGN_PAUSED;0.14;0.16;0.26;0.10;75.0%;260;0;0;0.00;0.00;0;0.00;;0;0.00
ENABLED;FRASE;alcatraz brandon sanderson;PHRASE;CAMPAIGN_PAUSED;0.12;0.12;0.13;0.10;>95%;145;0;0;0.00;0.00;0;0.00;;0;0.00
ENABLED;FRASE;alas negras laura gallego;PHRASE;CAMPAIGN_PAUSED;0.12;0.13;0.15;0.10;;25;0;0;0.00;0.00;0;0.00;;0;0.00
ENABLED;FRASE;alas laura gallego;PHRASE;CAMPAIGN_PAUSED;;;;0.10;;0;0;;0.00;0.00;0;0.00;;0;0.00
ENABLED;FRASE;alas de fuego laura gallego;PHRASE;CAMPAIGN_PAUSED;0.13;0.13;0.17;0.10;;15;0;0;0.00;0.00;0;0.00;;0;0.00
ENABLED;FRASE;14 años libros;PHRASE;CAMPAIGN_PAUSED;;;;0.10;;31;0;0;0.00;0.00;0;0.00;;0;0.00
PAUSED;FRASE;10 años libros;PHRASE;CAMPAIGN_PAUSED;;;;0.10;;0;0;;0.00;0.00;0;0.00;;0;0.00
PAUSED;FRASE;10 aniversario el nombre del viento;PHRASE;CAMPAIGN_PAUSED;;;;0.10;;0;0;;0.00;0.00;0;0.00;;0;0.00
